MPN,Manufacturer,Description,Subcategory,Stock,Unit Price,Package,Mounting Type,Status,Datasheet URL,Product URL,Current - Supply (Max),Features,Operating Temperature,Output,Resolution (Bits),Series,Voltage - Supply
20025700-00,TE Connectivity Measurement Specialties,TWO COLOR DETECTOR TO5I (EXT. LI,ambient-light-sensors,0,216.293,-,,Active,,https://www.digikey.com/en/products/detail/te-connectivity-measurement-specialties/20025700-00/27555640,,,,,,,
ADJD-E622-QR999,Broadcom Limited,COLOR SENSOR VOLTAGE/RGB 16-VQFN,ambient-light-sensors,0,0.0,16-VQFN Exposed Pad,,Obsolete,https://www.digikey.com//mm.digikey.com/Volume0/opasdata/d220001/medias/docus/1109/ADJD-E622-QR999.pdf,https://www.digikey.com/en/products/detail/broadcom-limited/ADJD-E622-QR999/1234446,2.4mA @ 5V,,0°C ~ 70°C,"Voltage, RGB",,,4.5 V ~ 5.5 V
ADJD-J823,Broadcom Limited,COLOR SENSOR I2C 12-B 16-VDFN,ambient-light-sensors,0,0.0,16-VDFN Exposed Pad,,Obsolete,https://www.digikey.com//mm.digikey.com/Volume0/opasdata/d220001/medias/docus/860/ADJD-J823.pdf,https://www.digikey.com/en/products/detail/broadcom-limited/ADJD-J823/1234447,14mA @ 2.6V,,25°C ~ 70°C,I2C,12 b,,2.5 V ~ 3.6 V
ADJD-S311-CR999,Broadcom Limited,COLOR SENSOR I2C 10-B 9-VBGA,ambient-light-sensors,0,0.0,9-VBGA,,Obsolete,https://www.digikey.com//mm.digikey.com/Volume0/opasdata/d220001/medias/docus/384/ADJD-S311-CR999.pdf,https://www.digikey.com/en/products/detail/broadcom-limited/ADJD-S311-CR999/2210364,5mA @ 2.6V,Sleep Mode,0°C ~ 70°C,I2C,10 b,,2.5 V ~ 3.6 V
ADJD-S313-QR999,Broadcom Limited,COLOR SENSOR I2C 7-B 20-VFQFN,ambient-light-sensors,0,0.0,20-VFQFN Exposed Pad,,Obsolete,https://www.digikey.com//mm.digikey.com/Volume0/opasdata/d220001/medias/docus/883/ADJD-S313-QR999.pdf,https://www.digikey.com/en/products/detail/broadcom-limited/ADJD-S313-QR999/1234567,9.4mA @ 2.6V,Sleep Mode,0°C ~ 70°C,I2C,7 b,,2.5 V ~ 3.6 V
ADJD-S371-QR999,Broadcom Limited,COLOR SENSOR I2C 10-B 12-SMD,ambient-light-sensors,0,2.46168,12-SMD Module,,Obsolete,https://www.digikey.com//mm.digikey.com/Volume0/opasdata/d220001/medias/docus/517/ADJD-S371-QR999.pdf,https://www.digikey.com/en/products/detail/broadcom-limited/ADJD-S371-QR999/2210365,5mA @ 2.6V,Gain Control,0°C ~ 70°C,I2C,10 b,,2.5 V ~ 3.6 V
APS5130PD7C-P22,Kingbright,COLOR SENSOR CURRENT/RGB 4-SMD,ambient-light-sensors,2229,2.4,"4-SMD, No Lead",,Active,https://www.KingbrightUSA.com/images/catalog/SPEC/APS5130PD7C-P22.pdf,https://www.digikey.com/en/products/detail/kingbright/APS5130PD7C-P22/8591561,,,-40°C ~ 85°C,"Current, RGB",,,
AS72651-BLGM LGA20 LF T&RDP,ams-OSRAM USA INC.,COLOR SENSOR I2C/UART 16-B 20,ambient-light-sensors,0,0.0,20-BFLGA,,Obsolete,https://ams.com/documents/20143/36005/AS7265x_DS000612_1-00.pdf,https://www.digikey.com/en/products/detail/ams-osram-usa-inc/AS72651-BLGM-LGA20-LF-T-RDP/10324193,,,-40°C ~ 85°C (TA),"I2C, UART",16 b,AS7265x,2.7 V ~ 3.6 V
AS72651-BLGT,ams-OSRAM USA INC.,COLOR SENSOR I2C/UART 16-B 20,ambient-light-sensors,11090,9.06,20-BFLGA,,Active,https://look.ams-osram.com/m/76ce4c0d80cd1565/original/AS7265x-DS000612.pdfhttps://look.ams-osram.com/m/11804d68e83a69fc/original/AS7265x-ES000127.pdf,https://www.digikey.com/en/products/detail/ams-osram-usa-inc/AS72651-BLGT/7428279,,,-40°C ~ 85°C (TA),"I2C, UART",16 b,AS7265x,2.7 V ~ 3.6 V
AS72652-BLGT,ams-OSRAM USA INC.,COLOR SENSOR I2C/UART 16-B 20,ambient-light-sensors,3851,9.06,20-BFLGA,,Active,https://look.ams-osram.com/m/76ce4c0d80cd1565/original/AS7265x-DS000612.pdfhttps://look.ams-osram.com/m/11804d68e83a69fc/original/AS7265x-ES000127.pdf,https://www.digikey.com/en/products/detail/ams-osram-usa-inc/AS72652-BLGT/7428280,,,-40°C ~ 85°C (TA),"I2C, UART",16 b,AS7265x,2.7 V ~ 3.6 V
AS72653-BLGT,ams-OSRAM USA INC.,COLOR SENSOR I2C/UART 16-B 20,ambient-light-sensors,4144,9.06,20-BFLGA,,Active,https://look.ams-osram.com/m/76ce4c0d80cd1565/original/AS7265x-DS000612.pdfhttps://look.ams-osram.com/m/11804d68e83a69fc/original/AS7265x-ES000127.pdf,https://www.digikey.com/en/products/detail/ams-osram-usa-inc/AS72653-BLGT/7428281,,,-40°C ~ 85°C (TA),"I2C, UART",16 b,AS7265x,2.7 V ~ 3.6 V
AS73210,ams-OSRAM USA INC.,COLOR SENSOR VOLTAGE/XYZ 16-VQFN,ambient-light-sensors,0,0.0,16-VQFN Exposed Pad,,Obsolete,https://www.digikey.com//mm.digikey.com/Volume0/opasdata/d220001/medias/docus/2295/AS73210_6-2-17.pdf,https://www.digikey.com/en/products/detail/ams-osram-usa-inc/AS73210/7793932,,,-20°C ~ 100°C,"Voltage, XYZ",,,2.5 V ~ 5 V
AS73211,ams-OSRAM USA INC.,COLOR SENSOR I2C 24-B 16-VQFN,ambient-light-sensors,0,0.0,16-VQFN Exposed Pad,,Obsolete,,https://www.digikey.com/en/products/detail/ams-osram-usa-inc/AS73211/14645524,2mA @ 3.3V,,-40°C ~ 125°C,I2C,24 b,,2.7 V ~ 3.6 V
AS73211-AQFM QFN16 T&RDP,ams-OSRAM USA INC.,COLOR SENSOR I2C 24-B 16-VQFN,ambient-light-sensors,0,0.0,16-VQFN Exposed Pad,,Obsolete,https://ams.com/documents/20143/36005/AS73211_DS000556_3-01.pdf,https://www.digikey.com/en/products/detail/ams-osram-usa-inc/AS73211-AQFM-QFN16-T-RDP/10324383,2mA @ 3.3V,,-40°C ~ 125°C,I2C,24 b,,2.7 V ~ 3.6 V
AS73211-AQFT,ams-OSRAM USA INC.,COLOR SENSOR I2C 24-B 16-VQFN,ambient-light-sensors,0,0.0,16-VQFN Exposed Pad,,Obsolete,https://look.ams-osram.com/m/5857e141491e2d12/original/AS73211-DS000556.pdf,https://www.digikey.com/en/products/detail/ams-osram-usa-inc/AS73211-AQFT/7802175,2mA @ 3.3V,,-40°C ~ 125°C,I2C,24 b,,2.7 V ~ 3.6 V
AS7341-DLGM,ams-OSRAM USA INC.,COLOR SENSOR I2C 16-B 8-TFLGA,ambient-light-sensors,8414,7.95,8-TFLGA,,Not For New Designs,https://look.ams-osram.com/m/24266a3e584de4db/original/AS7341-DS000504.pdf,https://www.digikey.com/en/products/detail/ams-osram-usa-inc/AS7341-DLGM/9996230,210µA,,-30°C ~ 70°C,I2C,16 b,,1.7 V ~ 2 V
BH1745NUC-E2,Rohm Semiconductor,COLOR SENSOR I2C 8-UDFN,ambient-light-sensors,0,1.62,8-UDFN Exposed Pad,,Obsolete,https://www.digikey.com//mm.digikey.com/Volume0/opasdata/d220001/medias/docus/1785/BH1745NUC.pdf,https://www.digikey.com/en/products/detail/rohm-semiconductor/BH1745NUC-E2/5087338,260µA @ 2.5V,Standby,-40°C ~ 85°C,I2C,,,2.3 V ~ 3.6 V
BH1747NUC-E2,Rohm Semiconductor,COLOR SENSOR 16-B 8-UFDFN,ambient-light-sensors,0,1.12367,8-UFDFN Exposed Pad,,Obsolete,https://d1d2qsbl8m0m72.cloudfront.net/en/products/databook/catalog/common/sf/SFC2019_E_Allpage.pdf,https://www.digikey.com/en/products/detail/rohm-semiconductor/BH1747NUC-E2/7899965,295µA,,-40°C ~ 85°C,,16 b,,2.3 V ~ 3.6 V
BH1749NUC-E2,Rohm Semiconductor,COLOR SENSOR I2C 16-B 8-UFDFN,ambient-light-sensors,0,1.47643,8-UFDFN Exposed Pad,,Obsolete,https://fscdn.rohm.com/en/products/databook/datasheet/ic/sensor/light/bh1749nuc-e.pdf,https://www.digikey.com/en/products/detail/rohm-semiconductor/BH1749NUC-E2/7931116,295µA,,-40°C ~ 85°C,I2C,16 b,,2.3 V ~ 3.6 V
BU27006MUC-ZTR,Rohm Semiconductor,COLOR SENSOR I2C 16-B 12,ambient-light-sensors,358,2.55,12-UFQFN,,Obsolete,https://www.rohm.com/datasheet?p=BU27006MUC-Z&dist=Digi-key&media=referral&source=digi-key.com&campaign=Digi-key,https://www.digikey.com/en/products/detail/rohm-semiconductor/BU27006MUC-ZTR/15851670,310µA @ 1.8V,,-40°C ~ 85°C,I2C,16 b,,1.7 V ~ 3.6 V
CLS-16D24-44-DF8/TR8,Everlight Electronics Co Ltd,COLOR SENSOR I2C 16-B 8-SMD,ambient-light-sensors,3446,1.35,"8-SMD, No Lead",,Active,https://www.digikey.com//mm.digikey.com/Volume0/opasdata/d220001/medias/docus/4352/CLS-16D24-44-DF8-TR8_Ver.5_9-7-20.pdf,https://www.digikey.com/en/products/detail/everlight-electronics-co-ltd/CLS-16D24-44-DF8-TR8/15286664,210µA,,-40°C ~ 65°C,I2C,16 b,,2.4 V ~ 3.6 V
CW-10P,Tri-Tronics Co. Inc.,Colorwise Color Sensor,ambient-light-sensors,97,364.62,-,,Active,https://www.ttco.com/media/pdf/Sensors/datasheets/CW10_Color&RegistrationMark_Sensor_Series_Datasheet.pdf,https://www.digikey.com/en/products/detail/tri-tronics-co-inc/CW-10P/26799630,,,,,,*,
CW10-N,Tri-Tronics Co. Inc.,COLOR SEN COLORWISE NPN BOX,ambient-light-sensors,100,364.62,Box,,Active,https://www.digikey.com//mm.digikey.com/Volume0/opasdata/d220001/medias/docus/6469/CW10%20Datasheet%20Rev%20A.pdf,https://www.digikey.com/en/products/detail/tri-tronics-co-inc/CW10-N/25811648,100mA @ 12V ~ 24V,,-10°C ~ 55°C,NPN,,,
DK-LED-001,"DK SENSOR CO.,LTD","LED LIGHT ASM.5 BLUE, L=400",ambient-light-sensors,300,3.0,-,,Active,https://www.digikey.com//mm.digikey.com/Volume0/opasdata/d220001/medias/docus/6791/6069_DK-LED-001.pdf,https://www.digikey.com/en/products/detail/dk-sensor-co-ltd/DK-LED-001/26282721,,Low Power Consumption,-30°C ~ 85°C,,,*,
EACLSST2020A1,Everlight Electronics Co Ltd,COLOR SENSOR I2C 16-B 8-SMD,ambient-light-sensors,0,0.0,"8-SMD, No Lead",,Obsolete,,https://www.digikey.com/en/products/detail/everlight-electronics-co-ltd/EACLSST2020A1/20841445,210µA,,-40°C ~ 65°C,I2C,16 b,,2.4 V ~ 3.6 V
EACLSST3227A0,Everlight Electronics Co Ltd,COLOR SENSOR 1210,ambient-light-sensors,0,0.3264,1210 (3225 Metric),,Obsolete,,https://www.digikey.com/en/products/detail/everlight-electronics-co-ltd/EACLSST3227A0/11200790,,,-40°C ~ 85°C,,,EACLSST3227,
EACLSST3227A1,Everlight Electronics Co Ltd,COLOR SENSOR 1210,ambient-light-sensors,4886,0.52,1210 (3225 Metric),,Active,,https://www.digikey.com/en/products/detail/everlight-electronics-co-ltd/EACLSST3227A1/11200766,,,-40°C ~ 85°C,,,EACLSST3227,
EACLSST3227A2,Everlight Electronics Co Ltd,COLOR SENSOR 1210,ambient-light-sensors,0,0.32158,1210 (3225 Metric),,Obsolete,,https://www.digikey.com/en/products/detail/everlight-electronics-co-ltd/EACLSST3227A2/11200749,,,-40°C ~ 85°C,,,EACLSST3227,
GP2Y40011K0F,Sharp Microelectronics,OPTOELECTRONIC COMPONENT,ambient-light-sensors,0,0.0,-,,Obsolete,,https://www.digikey.com/en/products/detail/sharp-microelectronics/GP2Y40011K0F/5967296,,,,,,,
HDJD-S722-QR999,Broadcom Limited,COLOR SENSOR VOLTAGE/RGB 16-VQFN,ambient-light-sensors,0,0.0,16-VQFN Exposed Pad,,Obsolete,https://www.digikey.com//mm.digikey.com/Volume0/opasdata/d220001/medias/docus/843/HDJD-S722-QR999.pdf,https://www.digikey.com/en/products/detail/broadcom-limited/HDJD-S722-QR999/1235436,2.5mA @ 5V,Gain Control,0°C ~ 70°C,"Voltage, RGB",,,4.5 V ~ 5.5 V
HDJD-S822-QR999,Broadcom Limited,COLOR SENSOR VOLTAGE/RGB 16-VQFN,ambient-light-sensors,0,0.0,16-VQFN Exposed Pad,,Obsolete,https://www.digikey.com//mm.digikey.com/Volume0/opasdata/d220001/medias/docus/517/HDJD-S822-QR999.pdf,https://www.digikey.com/en/products/detail/broadcom-limited/HDJD-S822-QR999/2218969,3mA @ 5V,Gain Control,0°C ~ 70°C (TA),"Voltage, RGB",,,4.5 V ~ 5.5 V
ISL29120IROZ-T7,Renesas Electronics Corporation,COLOR SENSOR I2C 16-B 6-WDFN,ambient-light-sensors,0,0.0,6-WDFN Exposed Pad,,Obsolete,https://www.digikey.com//mm.digikey.com/Volume0/opasdata/d220001/medias/docus/411/ISL29120_DS.pdf,https://www.digikey.com/en/products/detail/renesas-electronics-corporation/ISL29120IROZ-T7/3473155,85µA @ 3V,"Interrupt, Auto Power Down",-40°C ~ 85°C,I2C,16 b,,2.25 V ~ 3.63 V
ISL29124IROZ-T7,Renesas Electronics Corporation,COLOR SENSOR I2C 16-B 6-VFDFN,ambient-light-sensors,0,1.57228,6-VFDFN,,Obsolete,https://www.digikey.com//mm.digikey.com/Volume0/opasdata/d220001/medias/docus/18/ISL29124.pdf,https://www.digikey.com/en/products/detail/renesas-electronics-corporation/ISL29124IROZ-T7/4833607,85µA @ 3V,"Interrupt, Auto Power Down",-40°C ~ 85°C,I2C,16 b,,2.25 V ~ 3.63 V
ISL29125IROZ-T7,Renesas Electronics Corporation,COLOR SENSOR I2C 16-B 6-WFDFN,ambient-light-sensors,0,1.40453,6-WFDFN Module,,Obsolete,https://www.renesas.com/us/en/document/dst/isl29125-datasheet,https://www.digikey.com/en/products/detail/renesas-electronics-corporation/ISL29125IROZ-T7/4519276,85µA @ 3V,"Interrupt, Auto Power Down",-40°C ~ 85°C,I2C,16 b,,2.25 V ~ 3.63 V
ISL29125IROZ-T7A,Renesas Electronics Corporation,COLOR SENSOR I2C 16-B 6-WFDFN,ambient-light-sensors,0,0.0,6-WFDFN Module,,Obsolete,https://www.renesas.com/us/en/document/dst/isl29125-datasheet,https://www.digikey.com/en/products/detail/renesas-electronics-corporation/ISL29125IROZ-T7A/4895570,85µA @ 3V,"Interrupt, Auto Power Down",-40°C ~ 85°C,I2C,16 b,,2.25 V ~ 3.63 V
MAX44006EDT+,Analog Devices Inc./Maxim Integrated,COLOR SENSOR I2C 14-B,ambient-light-sensors,0,0.0,-,,Obsolete,https://www.digikey.com//mm.digikey.com/Volume0/opasdata/d220001/medias/docus/18/MAX44006_44008.pdf,https://www.digikey.com/en/products/detail/analog-devices-inc-maxim-integrated/MAX44006EDT/6194524,30µA @ 1.8V,"Gain Control, Interrupt, Programmable Resolution, Sleep Mode",-40°C ~ 85°C,I2C,14 b,,1.7 V ~ 2 V
MAX44006EDT+T,Analog Devices Inc./Maxim Integrated,COLOR SENSOR I2C 14-B 6,ambient-light-sensors,0,0.0,6-VFDFN,,Obsolete,,https://www.digikey.com/en/products/detail/analog-devices-inc-maxim-integrated/MAX44006EDT-T/2591394,30µA @ 1.8V,"Gain Control, Interrupt, Programmable Resolution, Sleep Mode",-40°C ~ 85°C,I2C,14 b,,1.7 V ~ 2 V
MAX44006GDT+T,Analog Devices Inc./Maxim Integrated,COLOR SENSOR I2C 14-B 6-VFDFN,ambient-light-sensors,0,0.0,6-VFDFN,,Obsolete,https://www.digikey.com//mm.digikey.com/Volume0/opasdata/d220001/medias/docus/18/MAX44006_44008.pdf,https://www.digikey.com/en/products/detail/analog-devices-inc-maxim-integrated/MAX44006GDT-T/2748574,30µA @ 1.8V,"Gain Control, Interrupt, Programmable Resolution, Sleep Mode",-40°C ~ 85°C,I2C,14 b,,1.7 V ~ 2 V
MAX44008EDT+,Analog Devices Inc./Maxim Integrated,COLOR SENSOR I2C 14-B,ambient-light-sensors,0,0.0,-,,Obsolete,https://www.digikey.com//mm.digikey.com/Volume0/opasdata/d220001/medias/docus/18/MAX44006_44008.pdf,https://www.digikey.com/en/products/detail/analog-devices-inc-maxim-integrated/MAX44008EDT/6194526,30µA @ 3.3V,"Gain Control, Interrupt, Programmable Resolution, Sleep Mode",-40°C ~ 85°C,I2C,14 b,,2.7 V ~ 5.5 V
MAX44008EDT+T,Analog Devices Inc./Maxim Integrated,COLOR SENSOR I2C 14-B 6-VFDFN,ambient-light-sensors,0,0.0,6-VFDFN,,Obsolete,,https://www.digikey.com/en/products/detail/analog-devices-inc-maxim-integrated/MAX44008EDT-T/2748576,30µA @ 3.3V,"Gain Control, Interrupt, Programmable Resolution, Sleep Mode",-40°C ~ 85°C,I2C,14 b,,2.7 V ~ 5.5 V
MAX44008GDT+T,Analog Devices Inc./Maxim Integrated,COLOR SENSOR I2C 14-B 6-VFDFN,ambient-light-sensors,0,0.0,6-VFDFN,,Obsolete,https://www.digikey.com//mm.digikey.com/Volume0/opasdata/d220001/medias/docus/18/MAX44006_44008.pdf,https://www.digikey.com/en/products/detail/analog-devices-inc-maxim-integrated/MAX44008GDT-T/2748578,30µA @ 3.3V,"Gain Control, Interrupt, Programmable Resolution, Sleep Mode",-40°C ~ 85°C,I2C,14 b,,2.7 V ~ 5.5 V
OPB780Z,TT Electronics/Optek Technology,COLOR SENSOR FREQ BOX,ambient-light-sensors,0,17.2896,Box,,Obsolete,https://www.digikey.com//mm.digikey.com/Volume0/opasdata/d220001/medias/docus/9/OPB780Z.pdf,https://www.digikey.com/en/products/detail/tt-electronics-optek-technology/OPB780Z/1619774,3mA @ 5V,,-40°C ~ 70°C,Frequency,,,2.7 V ~ 5.5 V
OPT4048DTSR,Texas Instruments,COLOR SENSOR I2C 20-B SOT,ambient-light-sensors,0,2.3,SOT-583,,Active,https://www.ti.com/lit/ds/symlink/opt4048.pdf?ts=1698653299594&ref_url=https%253A%252F%252Fwww.ti.com%252Fproduct%252FOPT4048,https://www.digikey.com/en/products/detail/texas-instruments/OPT4048DTSR/21298553,,,-40°C ~ 85°C,I2C,20 b,,1.6 V ~ 3.6 V
OPT4048DTST,Texas Instruments,COLOR SENSOR I2C 20-B SOT,ambient-light-sensors,0,0.0,SOT-583,,Obsolete,https://www.ti.com/lit/ds/symlink/opt4048.pdf?ts=1698653299594&ref_url=https%253A%252F%252Fwww.ti.com%252Fproduct%252FOPT4048,https://www.digikey.com/en/products/detail/texas-instruments/OPT4048DTST/21298777,,,-40°C ~ 85°C,I2C,20 b,,1.6 V ~ 3.6 V
OPT4060DTSR,Texas Instruments,COLOR SENSOR I2C 20-B SOT,ambient-light-sensors,7697,1.96,SOT-583,,Active,https://www.ti.com/lit/ds/symlink/opt4060.pdf?ts=1704223000280,https://www.digikey.com/en/products/detail/texas-instruments/OPT4060DTSR/22116843,24µA,,-40°C ~ 85°C,I2C,20 b,,1.6 V ~ 3.6 V
TCS3103FN,ams-OSRAM USA INC.,COLOR SENSOR VOLTAGE/RGB 6-VFDFN,ambient-light-sensors,0,0.0,6-VFDFN,,Obsolete,https://www.digikey.com//mm.digikey.com/Volume0/opasdata/d220001/medias/docus/399/TCS3103_04_Rev_Aug_2013.pdf,https://www.digikey.com/en/products/detail/ams-osram-usa-inc/TCS3103FN/3103133,500µA @ 5V,Gain Control,-30°C ~ 70°C,"Voltage, RGB",,,4.5 V ~ 5.5 V
TCS3104FN,ams-OSRAM USA INC.,COLOR SENSOR VOLTAGE/RGB 6-VFDFN,ambient-light-sensors,0,0.0,6-VFDFN,,Obsolete,https://www.digikey.com//mm.digikey.com/Volume0/opasdata/d220001/medias/docus/399/TCS3103_04_Rev_Aug_2013.pdf,https://www.digikey.com/en/products/detail/ams-osram-usa-inc/TCS3104FN/3103134,500µA @ 5V,Gain Control,-30°C ~ 70°C,"Voltage, RGB",,,4.5 V ~ 5.5 V
TCS3200D-TR,ams-OSRAM USA INC.,COLOR SENSOR FREQ 8-SOIC,ambient-light-sensors,0,0.0,"8-SOIC (0.154"", 3.90mm Width)",,Obsolete,https://www.digikey.com//mm.digikey.com/Volume0/opasdata/d220001/medias/docus/399/TCS3200%2C210.pdf,https://www.digikey.com/en/products/detail/ams-osram-usa-inc/TCS3200D-TR/3095147,2mA @ 5V,Auto Power Down,-40°C ~ 85°C,Frequency,,,2.7 V ~ 5.5 V
TCS3210D-TR,ams-OSRAM USA INC.,COLOR SENSOR FREQ 8-SOIC,ambient-light-sensors,0,0.0,"8-SOIC (0.154"", 3.90mm Width)",,Obsolete,https://www.digikey.com//mm.digikey.com/Volume0/opasdata/d220001/medias/docus/399/TCS3200%2C210.pdf,https://www.digikey.com/en/products/detail/ams-osram-usa-inc/TCS3210D-TR/3095148,2mA @ 5V,Auto Power Down,-40°C ~ 85°C,Frequency,,,2.7 V ~ 5.5 V
TCS3404CS,ams-OSRAM USA INC.,COLOR SENSOR SMBUS 16-B 6-VFBGA,ambient-light-sensors,0,0.0,6-VFBGA,,Obsolete,https://www.digikey.com//mm.digikey.com/Volume0/opasdata/d220001/medias/docus/399/TCS3404_14_Rev_Nov_2015.pdf,https://www.digikey.com/en/products/detail/ams-osram-usa-inc/TCS3404CS/3095149,11mA @ 3.6V,"Gain Control, Interrupt, Sync Input",-40°C ~ 85°C,SMBus,16 b,,2.7 V ~ 3.6 V
TCS3404FN,ams-OSRAM USA INC.,COLOR SENSOR SMBUS 16-B 6-SMD,ambient-light-sensors,0,0.0,6-SMD Module,,Obsolete,https://www.digikey.com//mm.digikey.com/Volume0/opasdata/d220001/medias/docus/399/TCS3404_14_Rev_Nov_2015.pdf,https://www.digikey.com/en/products/detail/ams-osram-usa-inc/TCS3404FN/3095150,11mA @ 3.6V,"Gain Control, Interrupt, Sync Input",-30°C ~ 70°C,SMBus,16 b,,2.7 V ~ 3.6 V
TCS3413CS,ams-OSRAM USA INC.,COLOR SENSOR I2C 16-B 6-BGA,ambient-light-sensors,0,0.0,6-BGA,,Obsolete,https://www.digikey.com//mm.digikey.com/Volume0/opasdata/d220001/medias/docus/399/TCS3404_14_Rev_Nov_2015.pdf,https://www.digikey.com/en/products/detail/ams-osram-usa-inc/TCS3413CS/3095151,11mA @ 3.6V,"Gain Control, Interrupt, Sync Input",-40°C ~ 85°C,I2C,16 b,,2.7 V ~ 3.6 V
TCS3413FN,ams-OSRAM USA INC.,COLOR SENSOR I2C 16-B 6-SMD,ambient-light-sensors,0,0.0,6-SMD Module,,Obsolete,https://www.digikey.com//mm.digikey.com/Volume0/opasdata/d220001/medias/docus/399/TCS3404_14_Rev_Nov_2015.pdf,https://www.digikey.com/en/products/detail/ams-osram-usa-inc/TCS3413FN/3645614,11mA @ 3.6V,"Gain Control, Interrupt, Sync Input",-30°C ~ 70°C,I2C,16 b,,2.7 V ~ 3.6 V
TCS3414CS,ams-OSRAM USA INC.,COLOR SENSOR I2C 16-B 6-BGA,ambient-light-sensors,0,0.0,6-BGA,,Obsolete,https://www.digikey.com//mm.digikey.com/Volume0/opasdata/d220001/medias/docus/399/TCS3404_14_Rev_Nov_2015.pdf,https://www.digikey.com/en/products/detail/ams-osram-usa-inc/TCS3414CS/3095153,11mA @ 3.6V,"Gain Control, Interrupt, Sync Input",-40°C ~ 85°C,I2C,16 b,,2.7 V ~ 3.6 V
TCS3414FN,ams-OSRAM USA INC.,COLOR SENSOR I2C 16-B 6-SMD,ambient-light-sensors,0,0.0,6-SMD Module,,Obsolete,https://www.digikey.com//mm.digikey.com/Volume0/opasdata/d220001/medias/docus/399/TCS3404_14_Rev_Nov_2015.pdf,https://www.digikey.com/en/products/detail/ams-osram-usa-inc/TCS3414FN/3095154,11mA @ 3.6V,"Gain Control, Interrupt, Sync Input",-30°C ~ 70°C,I2C,16 b,,2.7 V ~ 3.6 V
TCS3415CS,ams-OSRAM USA INC.,COLOR SENSOR I2C 16-B 6-CSP,ambient-light-sensors,0,0.0,6-CSP,,Obsolete,https://www.digikey.com//mm.digikey.com/Volume0/opasdata/d220001/medias/docus/399/TCS3404_14_Rev_Nov_2015.pdf,https://www.digikey.com/en/products/detail/ams-osram-usa-inc/TCS3415CS/3095155,11mA @ 3.6V,"Gain Control, Interrupt, Sync Input",-40°C ~ 85°C,I2C,16 b,,2.7 V ~ 3.6 V
TCS3415FN,ams-OSRAM USA INC.,COLOR SENSOR I2C 16-B 6-SMD,ambient-light-sensors,0,1.64648,6-SMD Module,,Obsolete,https://www.digikey.com//mm.digikey.com/Volume0/opasdata/d220001/medias/docus/399/TCS3404_14_Rev_Nov_2015.pdf,https://www.digikey.com/en/products/detail/ams-osram-usa-inc/TCS3415FN/3095156,11mA @ 3.6V,"Gain Control, Interrupt, Sync Input",-30°C ~ 70°C,I2C,16 b,,2.7 V ~ 3.6 V
TCS3416CS,ams-OSRAM USA INC.,COLOR SENSOR I2C 16-B 6-CSP,ambient-light-sensors,0,2.0625,6-CSP,,Obsolete,https://www.digikey.com//mm.digikey.com/Volume0/opasdata/d220001/medias/docus/399/TCS3404_14_Rev_Nov_2015.pdf,https://www.digikey.com/en/products/detail/ams-osram-usa-inc/TCS3416CS/3095157,11mA @ 3.6V,"Gain Control, Interrupt, Sync Input",-40°C ~ 85°C,I2C,16 b,,2.7 V ~ 3.6 V
TCS3416FN,ams-OSRAM USA INC.,COLOR SENSOR I2C 16-B 6-SMD,ambient-light-sensors,0,1.64648,6-SMD Module,,Obsolete,https://www.digikey.com//mm.digikey.com/Volume0/opasdata/d220001/medias/docus/399/TCS3404_14_Rev_Nov_2015.pdf,https://www.digikey.com/en/products/detail/ams-osram-usa-inc/TCS3416FN/3095158,11mA @ 3.6V,"Gain Control, Interrupt, Sync Input",-30°C ~ 70°C,I2C,16 b,,2.7 V ~ 3.6 V
TCS34711FN,ams-OSRAM USA INC.,COLOR SENSOR I2C 16-B 6-SMD,ambient-light-sensors,0,0.0,6-SMD Module,,Obsolete,https://look.ams-osram.com/m/1ab5968309bf0559/original/TCS3471-DS000109.pdf,https://www.digikey.com/en/products/detail/ams-osram-usa-inc/TCS34711FN/10324403,330µA @ 3V,"Gain Control, Interrupt, Sleep Mode",-30°C ~ 70°C,I2C,16 b,,2.7 V ~ 3.3 V
TCS34715FN,ams-OSRAM USA INC.,COLOR SENSOR I2C 16-B 6-SMD,ambient-light-sensors,0,0.0,6-SMD Module,,Obsolete,https://look.ams-osram.com/m/1ab5968309bf0559/original/TCS3471-DS000109.pdf,https://www.digikey.com/en/products/detail/ams-osram-usa-inc/TCS34715FN/3821077,330µA @ 3V,"Gain Control, Interrupt, Sleep Mode",-30°C ~ 70°C,I2C,16 b,,2.7 V ~ 3.3 V
TCS34717FN,ams-OSRAM USA INC.,COLOR SENSOR I2C 16-B 6-SMD,ambient-light-sensors,0,0.0,6-SMD Module,,Obsolete,https://look.ams-osram.com/m/1ab5968309bf0559/original/TCS3471-DS000109.pdf,https://www.digikey.com/en/products/detail/ams-osram-usa-inc/TCS34717FN/3095159,330µA @ 3V,"Gain Control, Interrupt, Sleep Mode",-30°C ~ 70°C,I2C,16 b,,2.7 V ~ 3.3 V
TCS34725FN,ams-OSRAM USA INC.,COLOR SENSOR I2C 16-B 6-SMD,ambient-light-sensors,0,1.485,6-SMD Module,,Obsolete,https://ams.com/documents/20143/36005/TCS3472_DS000390_3-00.pdf,https://www.digikey.com/en/products/detail/ams-osram-usa-inc/TCS34725FN/3737685,330µA @ 3V,"Gain Control, Interrupt, Sleep Mode",-30°C ~ 70°C,I2C,16 b,,2.7 V ~ 3.6 V
TCS34727FN,ams-OSRAM USA INC.,COLOR SENSOR I2C 16-B 6-SMD,ambient-light-sensors,0,0.0,6-SMD Module,,Obsolete,https://ams.com/documents/20143/36005/TCS3472_DS000390_3-00.pdf,https://www.digikey.com/en/products/detail/ams-osram-usa-inc/TCS34727FN/3737673,330µA @ 3V,"Gain Control, Interrupt, Sleep Mode",-30°C ~ 70°C,I2C,16 b,,2.7 V ~ 3.6 V
TCS34901FN,ams-OSRAM USA INC.,IC COLOR CONV LIGHT-DGTL 6ODFN,ambient-light-sensors,0,0.0,-,,Obsolete,https://www.digikey.com//mm.digikey.com/Volume0/opasdata/d220001/medias/docus/897/TCS3490.pdf,https://www.digikey.com/en/products/detail/ams-osram-usa-inc/TCS34901FN/10269988,,,,,,,
TCS34903FN,ams-OSRAM USA INC.,COLOR SENSOR I2C 6-UDFN,ambient-light-sensors,0,1.64542,6-UDFN,,Obsolete,https://www.digikey.com//mm.digikey.com/Volume0/opasdata/d220001/medias/docus/897/TCS3490.pdf,https://www.digikey.com/en/products/detail/ams-osram-usa-inc/TCS34903FN/5131652,330µA @ 3V,,-40°C ~ 70°C,I2C,,,2.7 V ~ 3.6 V
TCS34907FN,ams-OSRAM USA INC.,COLOR SENSOR I2C 6-UDFN,ambient-light-sensors,0,1.64542,6-UDFN,,Obsolete,https://www.digikey.com//mm.digikey.com/Volume0/opasdata/d220001/medias/docus/897/TCS3490.pdf,https://www.digikey.com/en/products/detail/ams-osram-usa-inc/TCS34907FN/5131653,330µA @ 3V,,-40°C ~ 70°C,I2C,,,2.7 V ~ 3.6 V
TCS35303-2M OLGA8 LF T&RDP,ams-OSRAM USA INC.,TRUE COLOR SENSOR WITH FLICKER,ambient-light-sensors,0,3.81274,-,,Active,,https://www.digikey.com/en/products/detail/ams-osram-usa-inc/TCS35303-2M-OLGA8-LF-T-RDP/22078555,,,,,,*,
TCS37715FN,ams-OSRAM USA INC.,COLOR SENSOR I2C 16-B 6-SMD,ambient-light-sensors,0,0.0,6-SMD Module,,Obsolete,https://ams.com/documents/20143/36005/TCS3771_DS000341_2-00.pdf,https://www.digikey.com/en/products/detail/ams-osram-usa-inc/TCS37715FN/4896341,330µA @ 3V,"Gain Control, Interrupt, Proximity Detection, Sleep Mode",-30°C ~ 70°C,I2C,16 b,,2.7 V ~ 3.3 V
TCS37717FN,ams-OSRAM USA INC.,COLOR SENSOR I2C 16-B 6-SMD,ambient-light-sensors,0,0.0,6-SMD Module,,Obsolete,https://ams.com/documents/20143/36005/TCS3771_DS000341_2-00.pdf,https://www.digikey.com/en/products/detail/ams-osram-usa-inc/TCS37717FN/3095160,330µA @ 3V,"Gain Control, Interrupt, Proximity Detection, Sleep Mode",-30°C ~ 70°C,I2C,16 b,,2.7 V ~ 3.6 V
TCS37725FN,ams-OSRAM USA INC.,COLOR SENSOR I2C 16-B 6-SMD,ambient-light-sensors,0,0.0,6-SMD Module,,Obsolete,https://ams.com/documents/20143/36005/TCS3772_DS000175_3-00.pdf,https://www.digikey.com/en/products/detail/ams-osram-usa-inc/TCS37725FN/3821080,330µA @ 3V,"Gain Control, Interrupt, Proximity Detection, Sleep Mode",-30°C ~ 70°C,I2C,16 b,,2.7 V ~ 3.6 V
TCS37727FN,ams-OSRAM USA INC.,COLOR SENSOR I2C 16-B 6-SMD,ambient-light-sensors,0,0.0,6-SMD Module,,Obsolete,https://ams.com/documents/20143/36005/TCS3772_DS000175_3-00.pdf,https://www.digikey.com/en/products/detail/ams-osram-usa-inc/TCS37727FN/3680940,330µA @ 3V,"Gain Control, Interrupt, Proximity Detection, Sleep Mode",-30°C ~ 70°C,I2C,16 b,,2.7 V ~ 3.6 V
TCS37903FN,ams-OSRAM USA INC.,IC COLOR CONV LIGHT-DGTL 6ODFN,ambient-light-sensors,0,0.0,-,,Obsolete,,https://www.digikey.com/en/products/detail/ams-osram-usa-inc/TCS37903FN/10269985,,,,,,,
TCS39903FN,ams-OSRAM USA INC.,IC COLOR CONV LIGHT-DGTL 6ODFN,ambient-light-sensors,0,0.0,-,,Obsolete,,https://www.digikey.com/en/products/detail/ams-osram-usa-inc/TCS39903FN/10269989,,,,,,,
TMD37003,ams-OSRAM USA INC.,COLOR SENSOR I2C 16-B 8-SMD,ambient-light-sensors,0,0.0,8-SMD,,Obsolete,,https://www.digikey.com/en/products/detail/ams-osram-usa-inc/TMD37003/6188438,150µA @ 1.8V,"Gain Control, Interrupt, Proximity Detection, Sleep Mode",-30°C ~ 85°C,I2C,16 b,,1.7 V ~ 2 V
TMD37003M,ams-OSRAM USA INC.,COLOR SENSOR I2C 16-B 8-SMD,ambient-light-sensors,0,0.0,8-SMD,,Obsolete,,https://www.digikey.com/en/products/detail/ams-osram-usa-inc/TMD37003M/6188425,150µA @ 1.8V,"Gain Control, Interrupt, Proximity Detection, Sleep Mode",-30°C ~ 85°C,I2C,16 b,,1.7 V ~ 2 V
TMD37024VC OLGA8 LF T&RDP,ams-OSRAM USA INC.,COLOR SENSOR I2C 16-B 8-SMD,ambient-light-sensors,0,0.0,8-SMD Module,,Obsolete,,https://www.digikey.com/en/products/detail/ams-osram-usa-inc/TMD37024VC-OLGA8-LF-T-RDP/10285624,150µA @ 1.8V,,-30°C ~ 85°C,I2C,16 b,,1.7 V ~ 2 V
TMD37024VCM OLGA8 LF T&RDP,ams-OSRAM USA INC.,COLOR SENSOR I2C 16-B 8-SMD,ambient-light-sensors,0,0.0,8-SMD Module,,Obsolete,,https://www.digikey.com/en/products/detail/ams-osram-usa-inc/TMD37024VCM-OLGA8-LF-T-RDP/10285625,150µA @ 1.8V,,-30°C ~ 85°C,I2C,16 b,,1.7 V ~ 2 V
TMD37193 OLGA10 LF T&RDP,ams-OSRAM USA INC.,COLOR SENSOR I2C 16-B 10-SMD,ambient-light-sensors,0,0.0,10-SMD Module,,Obsolete,,https://www.digikey.com/en/products/detail/ams-osram-usa-inc/TMD37193-OLGA10-LF-T-RDP/21575586,150µA,,-30°C ~ 85°C,I2C,16 b,,1.7 V ~ 1.98 V
TMD37253 OLGA8 LF T&RDP,ams-OSRAM USA INC.,COLOR SENSOR I2C 16-B 8-SMD,ambient-light-sensors,724,2.06,8-SMD Module,,Last Time Buy,https://look.ams-osram.com/m/6a4d0816b7d3a4bf/original/TMD3725-ALS-Color-and-Proximity-Sensor-Module.pdf,https://www.digikey.com/en/products/detail/ams-osram-usa-inc/TMD37253-OLGA8-LF-T-RDP/8854202,150µA,,-30°C ~ 85°C,I2C,16 b,,1.7 V ~ 2 V
TMD37821,ams-OSRAM USA INC.,COLOR SENSOR I2C 16-B 8-SMD,ambient-light-sensors,0,0.0,8-SMD Module,,Obsolete,https://www.digikey.com//mm.digikey.com/Volume0/opasdata/d220001/medias/docus/29/TMD3782_v2.pdf,https://www.digikey.com/en/products/detail/ams-osram-usa-inc/TMD37821/4898802,330µA @ 3V,"Gain Control, Interrupt, Proximity Detection, Sleep Mode",-30°C ~ 85°C,I2C,16 b,,2.7 V ~ 3.3 V
TMD37823,ams-OSRAM USA INC.,COLOR SENSOR I2C 16-B 8-SMD,ambient-light-sensors,0,0.0,8-SMD Module,,Obsolete,https://www.digikey.com//mm.digikey.com/Volume0/opasdata/d220001/medias/docus/29/TMD3782_v2.pdf,https://www.digikey.com/en/products/detail/ams-osram-usa-inc/TMD37823/4898803,330µA @ 3V,"Gain Control, Interrupt, Proximity Detection, Sleep Mode",-30°C ~ 85°C,I2C,16 b,,2.7 V ~ 3.3 V
TMD37823S9INT32,ams-OSRAM USA INC.,SENSOR,ambient-light-sensors,0,0.0,-,,Obsolete,,https://www.digikey.com/en/products/detail/ams-osram-usa-inc/TMD37823S9INT32/16653311,,,,,,,
TMD37901,ams-OSRAM USA INC.,IC COLOR SENSE MODULE MOD8,ambient-light-sensors,0,0.0,-,,Obsolete,,https://www.digikey.com/en/products/detail/ams-osram-usa-inc/TMD37901/10269987,,,,,,,
TMD37903,ams-OSRAM USA INC.,IC COLOR SENSE MODULE MOD8,ambient-light-sensors,0,0.0,-,,Obsolete,,https://www.digikey.com/en/products/detail/ams-osram-usa-inc/TMD37903/10269986,,,,,,,
VEML3232SL,Vishay Semiconductor Opto Division,OPTOCOUPLER,ambient-light-sensors,0,0.0,-,,Obsolete,,https://www.digikey.com/en/products/detail/vishay-semiconductor-opto-division/VEML3232SL/14306546,,,,,,,
VEML3328,Vishay Semiconductor Opto Division,COLOR SENSOR I2C 16-B 4-SMD,ambient-light-sensors,1538,1.97,"4-SMD, No Lead",,Active,https://www.vishay.com/docs/84968/veml3328.pdf,https://www.digikey.com/en/products/detail/vishay-semiconductor-opto-division/VEML3328/10673129,1mA,,-40°C ~ 85°C,I2C,16 b,,2.6 V ~ 3.6 V
VEML3328SL,Vishay Semiconductor Opto Division,COLOR SENSOR I2C 16-B 4-SMD,ambient-light-sensors,7344,2.02,"4-SMD, No Lead",,Active,https://www.vishay.com/docs/80012/veml3328sl.pdf,https://www.digikey.com/en/products/detail/vishay-semiconductor-opto-division/VEML3328SL/10673128,1mA,,-40°C ~ 85°C,I2C,16 b,,2.6 V ~ 3.6 V
VEML6040A3OG,Vishay Semiconductor Opto Division,COLOR SENSOR I2C 16-B 4-TFLGA,ambient-light-sensors,11694,1.81,4-TFLGA,,Not For New Designs,https://www.vishay.com/docs/84276/veml6040.pdf,https://www.digikey.com/en/products/detail/vishay-semiconductor-opto-division/VEML6040A3OG/5168308,200µA @ 3.3V,Low Power Consumption,-40°C ~ 85°C,I2C,16 b,,2.5 V ~ 3.6 V
