MPN,Manufacturer,Description,Subcategory,Stock,Unit Price,Package,Mounting Type,Status,Datasheet URL,Product URL,Control Features,Current - Output,Current - Quiescent (Iq),Current - Supply (Max),Grade,Number of Regulators,Operating Temperature,Output Configuration,Output Type,PSRR,Protection Features,Qualification,Series,Voltage - Input (Max),Voltage - Output (Max),Voltage - Output (Min/Fixed),Voltage Dropout (Max)
AP2112K-1.8TRG1,Diodes Incorporated,IC REG LINEAR 1.8V 600MA SOT-25,pmic-voltage-regulators-linear,1475,0.23,"SC-74A, SOT-753",Surface Mount,Active,https://www.diodes.com/assets/Datasheets/AP2112.pdf,https://www.digikey.com/en/products/detail/diodes-incorporated/AP2112K-1-8TRG1/4470745,Enable,600mA,80 µA,,,1,-40°C ~ 85°C,Positive,Fixed,65dB (100Hz ~ 1kHz),"Over Current, Over Temperature",,,6V,,1.8V,0.7V @ 600mA
AP2112K-3.3TRG1,Diodes Incorporated,IC REG LINEAR 3.3V 600MA SOT-25,pmic-voltage-regulators-linear,32149,0.25,"SC-74A, SOT-753",Surface Mount,Active,https://www.diodes.com/assets/Datasheets/AP2112.pdf,https://www.digikey.com/en/products/detail/diodes-incorporated/AP2112K-3-3TRG1/4470746,Enable,600mA,80 µA,,,1,-40°C ~ 85°C,Positive,Fixed,65dB (100Hz ~ 1kHz),"Over Current, Over Temperature",,,6V,,3.3V,0.4V @ 600mA
AP2114HA-3.3TRG1,Diodes Incorporated,IC REG LINEAR 3.3V 1A SOT-223-3,pmic-voltage-regulators-linear,21186,0.29,"TO-261-4, TO-261AA",Surface Mount,Active,https://www.diodes.com/assets/Datasheets/AP2114.pdf,https://www.digikey.com/en/products/detail/diodes-incorporated/AP2114HA-3-3TRG1/4770627,,1A,90 µA,,,1,-40°C ~ 85°C,Positive,Fixed,65dB (100Hz ~ 1kHz),"Over Current, Over Temperature",,,6V,,3.3V,0.75V @ 1A
AP2127K-3.3TRG1,Diodes Incorporated,IC REG LINEAR 3.3V 300MA SOT23-5,pmic-voltage-regulators-linear,72460,0.21,"SC-74A, SOT-753",Surface Mount,Active,https://www.diodes.com/assets/Datasheets/AP2127.pdf,https://www.digikey.com/en/products/detail/diodes-incorporated/AP2127K-3-3TRG1/4470786,,300mA,90 µA,,,1,-40°C ~ 85°C,Positive,Fixed,68dB ~ 54dB (100Hz ~ 10kHz),"Over Current, Over Temperature",,,6V,,3.3V,0.3V @ 300mA
AP2205-50W5-7,Diodes Incorporated,IC REG LINEAR 5V 250MA SOT-25,pmic-voltage-regulators-linear,1506,0.32,"SC-74A, SOT-753",Surface Mount,Active,https://www.diodes.com/assets/Datasheets/AP2205.pdf,https://www.digikey.com/en/products/detail/diodes-incorporated/AP2205-50W5-7/10294899,Enable,250mA,,,,1,-40°C ~ 125°C (TJ),Positive,Fixed,60dB (100Hz ~ 1kHz),"Over Current, Over Temperature, Reverse Polarity",,,24V,,5V,0.5V @ 150mA
AP2210K-3.3TRG1,Diodes Incorporated,IC REG LINEAR 3.3V 300MA SOT23-5,pmic-voltage-regulators-linear,45648,0.22,"SC-74A, SOT-753",Surface Mount,Active,https://www.diodes.com/assets/Datasheets/AP2210.pdf,https://www.digikey.com/en/products/detail/diodes-incorporated/AP2210K-3-3TRG1/4470819,Enable,300mA,180 µA,15 mA,,1,-40°C ~ 85°C,Positive,Fixed,75dB (100Hz),"Over Current, Over Temperature, Reverse Polarity",,,13.2V,,3.3V,0.5V @ 300mA
AP2210K-5.0TRG1,Diodes Incorporated,IC REG LINEAR 5V 300MA SOT23-5,pmic-voltage-regulators-linear,1113,0.28,"SC-74A, SOT-753",Surface Mount,Active,https://www.diodes.com/assets/Datasheets/AP2210.pdf,https://www.digikey.com/en/products/detail/diodes-incorporated/AP2210K-5-0TRG1/4470820,Enable,300mA,180 µA,15 mA,,1,-40°C ~ 85°C,Positive,Fixed,75dB (100Hz),"Over Current, Over Temperature, Reverse Polarity",,,13.2V,,5V,0.5V @ 300mA
AP2210K-ADJTRG1,Diodes Incorporated,IC REG LIN POS ADJ 300MA SOT23-5,pmic-voltage-regulators-linear,129807,0.3,"SC-74A, SOT-753",Surface Mount,Active,https://www.diodes.com/assets/Datasheets/AP2210.pdf,https://www.digikey.com/en/products/detail/diodes-incorporated/AP2210K-ADJTRG1/4470821,Enable,300mA,180 µA,15 mA,,1,-40°C ~ 85°C,Positive,Adjustable,75dB (100Hz),"Over Current, Over Temperature, Reverse Polarity",,,13.2V,12.7V,1.25V,0.5V @ 300mA
AP7354-33W5-7,Diodes Incorporated,IC REG LINEAR 3.3V 150MA SOT-25,pmic-voltage-regulators-linear,17325,0.46,"SC-74A, SOT-753",Surface Mount,Active,https://www.diodes.com/assets/Datasheets/AP7354.pdf,https://www.digikey.com/en/products/detail/diodes-incorporated/AP7354-33W5-7/9554534,Enable,150mA,0.6 µA,,,1,-40°C ~ 85°C (TA),Positive,Fixed,,Over Current,,,5.5V,,3.3V,0.35V @ 150mA
AP7366-W5-7,Diodes Incorporated,IC REG LIN POS ADJ 600MA SOT-25,pmic-voltage-regulators-linear,17317,0.24,"SC-74A, SOT-753",Surface Mount,Active,https://www.diodes.com/assets/Datasheets/products_inactive_data/AP7366.pdf,https://www.digikey.com/en/products/detail/diodes-incorporated/AP7366-W5-7/9867323,"Current Limit, Enable",600mA,80 µA,,,1,-40°C ~ 85°C (TA),Positive,Adjustable,75dB ~ 55dB (1kHz ~ 10kHz),"Over Current, Short Circuit",,,6V,5V,0.8V,
AS78L05RTR-E1,Diodes Incorporated,IC REG LINEAR 5V 100MA SOT89-3,pmic-voltage-regulators-linear,60117,0.13,TO-243AA,Surface Mount,Active,https://www.digikey.com//mm.digikey.com/Volume0/opasdata/d220001/medias/docus/657/AS78Lxx_Aug2013_DS.pdf,https://www.digikey.com/en/products/detail/diodes-incorporated/AS78L05RTR-E1/4470943,,100mA,5.5 mA,,,1,-40°C ~ 125°C,Positive,Fixed,62dB (120Hz),"Over Temperature, Short Circuit",,,30V,,5V,1.8V @ 100mA (Typ)
AS78L05RTR-G1,Diodes Incorporated,IC REG LINEAR 5V 100MA SOT89-3,pmic-voltage-regulators-linear,26134,0.19,TO-243AA,Surface Mount,Active,https://www.digikey.com//mm.digikey.com/Volume0/opasdata/d220001/medias/docus/657/AS78Lxx_Aug2013_DS.pdf,https://www.digikey.com/en/products/detail/diodes-incorporated/AS78L05RTR-G1/4470944,,100mA,5.5 mA,,,1,-40°C ~ 125°C,Positive,Fixed,62dB (120Hz),"Over Temperature, Short Circuit",,,30V,,5V,1.8V @ 100mA (Typ)
AZ1117CH-3.3TRG1,Diodes Incorporated,IC REG LINEAR 3.3V 1A SOT-223-3,pmic-voltage-regulators-linear,96275,0.17,"TO-261-4, TO-261AA",Surface Mount,Active,https://www.diodes.com/assets/Datasheets/AZ1117C.pdf,https://www.digikey.com/en/products/detail/diodes-incorporated/AZ1117CH-3-3TRG1/4470985,,1A,6 mA,,,1,-20°C ~ 125°C (TJ),Positive,Fixed,70dB (120Hz),Thermal Shutdown,,AZ1117C,15V,,3.3V,1.3V @ 800mA
L78L05ABUTR,STMicroelectronics,IC REG LINEAR 5V 100MA SOT89-3,pmic-voltage-regulators-linear,22879,0.28,TO-243AA,Surface Mount,Active,https://www.st.com/resource/en/datasheet/l78l.pdf,https://www.digikey.com/en/products/detail/stmicroelectronics/L78L05ABUTR/585705,,100mA,5.5 mA,6 mA,,1,-40°C ~ 125°C,Positive,Fixed,49dB (120Hz),"Over Current, Over Temperature, Short Circuit",,,30V,,5V,
L78L33ACUTR,STMicroelectronics,IC REG LINEAR 3.3V 100MA SOT89-3,pmic-voltage-regulators-linear,2876,0.33,TO-243AA,Surface Mount,Active,https://www.st.com/resource/en/datasheet/l78l.pdf,https://www.digikey.com/en/products/detail/stmicroelectronics/L78L33ACUTR/585724,,100mA,5.5 mA,6 mA,,1,0°C ~ 125°C,Positive,Fixed,49dB (120Hz),"Over Current, Over Temperature, Short Circuit",,,30V,,3.3V,
L78M05CDT-TR,STMicroelectronics,IC REG LINEAR 5V 500MA DPAK,pmic-voltage-regulators-linear,23357,0.4,"TO-252-3, DPAK (2 Leads + Tab), SC-63",Surface Mount,Active,https://www.st.com/content/ccc/resource/technical/document/datasheet/d7/5f/dc/5c/d5/b6/48/7c/CD00000447.pdf/files/CD00000447.pdf/jcr:content/translations/en.CD00000447.pdf,https://www.digikey.com/en/products/detail/stmicroelectronics/L78M05CDT-TR/585727,,500mA,6 mA,,,1,0°C ~ 150°C,Positive,Fixed,62dB (120Hz),"Over Current, Over Temperature, Short Circuit",,,35V,,5V,
LD1117AS33TR,STMicroelectronics,IC REG LINEAR 3.3V 1A SOT-223,pmic-voltage-regulators-linear,28663,0.41,"TO-261-4, TO-261AA",Surface Mount,Active,https://www.st.com/content/ccc/resource/technical/document/datasheet/a5/c3/3f/c9/2b/15/40/49/CD00002116.pdf/files/CD00002116.pdf/jcr:content/translations/en.CD00002116.pdf,https://www.digikey.com/en/products/detail/stmicroelectronics/LD1117AS33TR/585752,,1A,10 mA,,,1,0°C ~ 125°C,Positive,Fixed,75dB (120Hz),"Over Current, Over Temperature",,,15V,,3.3V,1.3V @ 1A
LD1117DT33CTR,STMicroelectronics,IC REG LINEAR 3.3V 800MA DPAK,pmic-voltage-regulators-linear,36743,0.46,"TO-252-3, DPAK (2 Leads + Tab), SC-63",Surface Mount,Active,https://www.st.com/content/ccc/resource/technical/document/datasheet/99/3b/7d/91/91/51/4b/be/CD00000544.pdf/files/CD00000544.pdf/jcr:content/translations/en.CD00000544.pdf,https://www.digikey.com/en/products/detail/stmicroelectronics/LD1117DT33CTR/585759,,800mA,10 mA,,,1,-40°C ~ 125°C,Positive,Fixed,75dB (120Hz),"Over Current, Over Temperature",,,15V,,3.3V,1.3V @ 800mA
LD1117S33CTR,STMicroelectronics,IC REG LINEAR 3.3V 800MA SOT-223,pmic-voltage-regulators-linear,82342,0.38,"TO-261-4, TO-261AA",Surface Mount,Active,https://www.st.com/content/ccc/resource/technical/document/datasheet/99/3b/7d/91/91/51/4b/be/CD00000544.pdf/files/CD00000544.pdf/jcr:content/translations/en.CD00000544.pdf,https://www.digikey.com/en/products/detail/stmicroelectronics/LD1117S33CTR/585765,,800mA,10 mA,,,1,-40°C ~ 125°C,Positive,Fixed,75dB (120Hz),"Over Current, Over Temperature",,,15V,,3.3V,1.3V @ 800mA
LD1117S33TR,STMicroelectronics,IC REG LINEAR 3.3V 800MA SOT-223,pmic-voltage-regulators-linear,81867,0.4,"TO-261-4, TO-261AA",Surface Mount,Active,https://www.st.com/content/ccc/resource/technical/document/datasheet/99/3b/7d/91/91/51/4b/be/CD00000544.pdf/files/CD00000544.pdf/jcr:content/translations/en.CD00000544.pdf,https://www.digikey.com/en/products/detail/stmicroelectronics/LD1117S33TR/585766,,800mA,10 mA,,,1,0°C ~ 125°C,Positive,Fixed,75dB (120Hz),"Over Current, Over Temperature",,,15V,,3.3V,1.2V @ 800mA
LDL1117S33R,STMicroelectronics,IC REG LINEAR 3.3V 1.2A SOT-223,pmic-voltage-regulators-linear,23580,0.41,"TO-261-4, TO-261AA",Surface Mount,Active,https://www.st.com/content/ccc/resource/technical/document/datasheet/group3/0e/5a/00/ca/10/1a/4f/a5/DM00366442/files/DM00366442.pdf/jcr:content/translations/en.DM00366442.pdf,https://www.digikey.com/en/products/detail/stmicroelectronics/LDL1117S33R/7102071,,1.2A,500 µA,,,1,-40°C ~ 125°C (TJ),Positive,Fixed,87dB ~ 65dB (120Hz ~ 100kHz),"Over Current, Over Temperature, Under Voltage Lockout (UVLO)",,,18V,,3.3V,0.6V @ 1.2A
LDL1117S50R,STMicroelectronics,IC REG LINEAR 5V 1.2A SOT-223,pmic-voltage-regulators-linear,70975,0.41,"TO-261-4, TO-261AA",Surface Mount,Active,https://www.st.com/content/ccc/resource/technical/document/datasheet/group3/0e/5a/00/ca/10/1a/4f/a5/DM00366442/files/DM00366442.pdf/jcr:content/translations/en.DM00366442.pdf,https://www.digikey.com/en/products/detail/stmicroelectronics/LDL1117S50R/7102072,,1.2A,500 µA,,,1,-40°C ~ 125°C (TJ),Positive,Fixed,87dB ~ 65dB (120Hz ~ 100kHz),"Over Current, Over Temperature, Under Voltage Lockout (UVLO)",,,18V,,5V,0.6V @ 1.2A
LM317LIDR,Texas Instruments,IC REG LIN POS ADJ 100MA 8-SOIC,pmic-voltage-regulators-linear,46288,0.33,"8-SOIC (0.154"", 3.90mm Width)",Surface Mount,Active,,https://www.digikey.com/en/products/detail/texas-instruments/LM317LIDR/1143643,,100mA,2.5 mA,,,1,-40°C ~ 125°C,Positive,Adjustable,80dB ~ 65dB (120Hz),"Over Current, Over Temperature, Short Circuit",,,38V,32V,1.2V,
LM317MBSTT3G,onsemi,IC REG LIN POS ADJ 500MA SOT-223,pmic-voltage-regulators-linear,21727,0.43,"TO-261-4, TO-261AA",Surface Mount,Active,https://www.onsemi.com/pdf/datasheet/lm317m-d.pdf,https://www.digikey.com/en/products/detail/onsemi/LM317MBSTT3G/1476826,,500mA,10 mA,,,1,-40°C ~ 125°C (TJ),Positive,Adjustable,80dB ~ 65dB (120Hz),"Over Current, Over Temperature, Short Circuit",,,40V,37V,1.2V,
LP2950-50LPRE3,Texas Instruments,IC REG LINEAR 5V 100MA TO92-3,pmic-voltage-regulators-linear,1308,0.46,"TO-226-3, TO-92-3 (TO-226AA) Formed Leads",Through Hole,Active,,https://www.digikey.com/en/products/detail/texas-instruments/LP2950-50LPRE3/1216539,,100mA,120 µA,14 mA,,1,-40°C ~ 125°C (TJ),Positive,Fixed,,"Over Current, Over Temperature",,,30V,,5V,0.6V @ 100mA
MC78L05ACDR2G,onsemi,IC REG LINEAR 5V 100MA 8-SOIC,pmic-voltage-regulators-linear,20571,0.26,"8-SOIC (0.154"", 3.90mm Width)",Surface Mount,Active,https://www.onsemi.com/pdf/datasheet/mc78l00a-d.pdf,https://www.digikey.com/en/products/detail/onsemi/MC78L05ACDR2G/919349,,100mA,6 mA,,,1,0°C ~ 125°C,Positive,Fixed,49dB (120Hz),"Over Temperature, Short Circuit",,,30V,,5V,
MC78M05BDTRKG,onsemi,IC REG LINEAR 5V 500MA DPAK,pmic-voltage-regulators-linear,117115,0.43,"TO-252-3, DPAK (2 Leads + Tab), SC-63",Surface Mount,Active,https://www.onsemi.com/pdf/datasheet/mc78m00-d.pdf,https://www.digikey.com/en/products/detail/onsemi/MC78M05BDTRKG/919369,,500mA,,,,1,-40°C ~ 125°C,Positive,Fixed,80dB (120Hz),"Over Temperature, Short Circuit",,,35V,,5V,
MC78M05CDTRKG,onsemi,IC REG LINEAR 5V 500MA DPAK,pmic-voltage-regulators-linear,47162,0.43,"TO-252-3, DPAK (2 Leads + Tab), SC-63",Surface Mount,Active,https://www.onsemi.com/pdf/datasheet/mc78m00-d.pdf,https://www.digikey.com/en/products/detail/onsemi/MC78M05CDTRKG/660633,,500mA,,,,1,0°C ~ 125°C,Positive,Fixed,80dB (120Hz),"Over Temperature, Short Circuit",,,35V,,5V,
MCP1792-5002H/DB,Microchip Technology,IC REG LINEAR 5V 100MA SOT-223-3,pmic-voltage-regulators-linear,13866,0.38,"TO-261-4, TO-261AA",Surface Mount,Active,https://ww1.microchip.com/downloads/aemDocuments/documents/APID/ProductDocuments/DataSheets/MCP1792-Family-Data-Sheet-DS20006229D.pdf,https://www.digikey.com/en/products/detail/microchip-technology/MCP1792-5002H-DB/10297898,,100mA,45 µA,150 µA,Automotive,1,-40°C ~ 150°C (TA),Positive,Fixed,80dB ~ 55dB (100Hz ~ 100kHz),"Over Current, Over Temperature, Short Circuit, Under Voltage Lockout (UVLO)",AEC-Q100,,55V,,5V,1.2V @ 100mA
MCP1792T-3302H/DB,Microchip Technology,IC REG LIN 3.3V 100MA SOT-223-3,pmic-voltage-regulators-linear,1286,0.45,"TO-261-4, TO-261AA",Surface Mount,Active,https://ww1.microchip.com/downloads/aemDocuments/documents/APID/ProductDocuments/DataSheets/MCP1792-Family-Data-Sheet-DS20006229D.pdf,https://www.digikey.com/en/products/detail/microchip-technology/MCP1792T-3302H-DB/10297922,Enable,100mA,45 µA,150 µA,Automotive,1,-40°C ~ 150°C (TA),Positive,Fixed,80dB ~ 55dB (100Hz ~ 100kHz),"Over Current, Over Temperature, Short Circuit, Under Voltage Lockout (UVLO)",AEC-Q100,,55V,,3.3V,1.2V @ 100mA
MCP1799T-5002H/DB,Microchip Technology,IC REG LINEAR 5V 80MA SOT-223-3,pmic-voltage-regulators-linear,26180,0.42,"TO-261-4, TO-261AA",Surface Mount,Active,http://ww1.microchip.com/downloads/en/DeviceDoc/MCP1799-Data-Sheet-20006248A.pdf,https://www.digikey.com/en/products/detail/microchip-technology/MCP1799T-5002H-DB/10491913,,80mA,45 µA,110 µA,Automotive,1,-40°C ~ 150°C (TJ),Positive,Fixed,70dB ~ 35dB (100Hz ~ 100kHz),"Over Current, Over Temperature, Short Circuit",AEC-Q100,,45V,,5V,1.1V @ 80mA
MCP1799T-5002H/TT,Microchip Technology,IC REG LINEAR 5V 80MA SOT23-3,pmic-voltage-regulators-linear,8784,0.36,"TO-236-3, SC-59, SOT-23-3",Surface Mount,Active,http://ww1.microchip.com/downloads/en/DeviceDoc/MCP1799-Data-Sheet-20006248A.pdf,https://www.digikey.com/en/products/detail/microchip-technology/MCP1799T-5002H-TT/10492004,,80mA,45 µA,110 µA,Automotive,1,-40°C ~ 150°C (TJ),Positive,Fixed,70dB ~ 35dB (100Hz ~ 100kHz),"Over Current, Over Temperature, Short Circuit",AEC-Q100,,45V,,5V,1.1V @ 80mA
MIC5353-3.3YMT-TR,Microchip Technology,IC REG LINEAR 3.3V 500MA 6-TMLF,pmic-voltage-regulators-linear,4648,0.46,"6-UFDFN Exposed Pad, 6-TMLF®",Surface Mount,Active,https://ww1.microchip.com/downloads/aemDocuments/documents/APID/ProductDocuments/DataSheets/MIC5353-500mA-LDO-in-1.6mmx1.6mm-Package-DS20006507.pdf,https://www.digikey.com/en/products/detail/microchip-technology/MIC5353-3-3YMT-TR/2297014,Enable,500mA,175 µA,,,1,-40°C ~ 125°C,Positive,Fixed,60dB (1kHz),"Over Current, Over Temperature",,,6V,,3.3V,0.35V @ 500mA
MIC5365-3.3YD5-TR,Microchip Technology,IC REG LIN 3.3V 150MA TSOT-23-5,pmic-voltage-regulators-linear,121888,0.17,"SOT-23-5 Thin, TSOT-23-5",Surface Mount,Active,https://ww1.microchip.com/downloads/aemDocuments/documents/APID/ProductDocuments/DataSheets/MIC5365-6-High-Performance-Single-150mA-LDO-DS20006605.pdf,https://www.digikey.com/en/products/detail/microchip-technology/MIC5365-3-3YD5-TR/3671879,Enable,150mA,39 µA,,,1,-40°C ~ 125°C,Positive,Fixed,80dB ~ 65dB (1kHz ~ 10kHz),"Over Current, Over Temperature",,,5.5V,,3.3V,0.31V @ 150mA
MIC5501-3.0YM5-TR,Microchip Technology,IC REG LINEAR 3V 300MA SOT23-5,pmic-voltage-regulators-linear,65215,0.12,"SC-74A, SOT-753",Surface Mount,Active,https://ww1.microchip.com/downloads/en/DeviceDoc/MIC5501-02-03-04-300mA-Single-Output-LDO-in-Small-Packages-DS20006006B.pdf,https://www.digikey.com/en/products/detail/microchip-technology/MIC5501-3-0YM5-TR/5277873,Enable,300mA,55 µA,65 µA,,1,-40°C ~ 125°C,Positive,Fixed,60dB (1kHz),"Over Current, Over Temperature",,,5.5V,,3V,0.38V @ 300mA
MIC5504-1.8YM5-TR,Microchip Technology,IC REG LINEAR 1.8V 300MA SOT23-5,pmic-voltage-regulators-linear,71162,0.16,"SC-74A, SOT-753",Surface Mount,Active,https://ww1.microchip.com/downloads/en/DeviceDoc/MIC5501-02-03-04-300mA-Single-Output-LDO-in-Small-Packages-DS20006006B.pdf,https://www.digikey.com/en/products/detail/microchip-technology/MIC5504-1-8YM5-TR/5209404,Enable,300mA,55 µA,65 µA,,1,-40°C ~ 125°C,Positive,Fixed,60dB (1kHz),"Over Current, Over Temperature",,,5.5V,,1.8V,0.38V @ 300mA
MIC5504-3.3YM5-TR,Microchip Technology,IC REG LINEAR 3.3V 300MA SOT23-5,pmic-voltage-regulators-linear,119403,0.16,"SC-74A, SOT-753",Surface Mount,Active,https://ww1.microchip.com/downloads/en/DeviceDoc/MIC5501-02-03-04-300mA-Single-Output-LDO-in-Small-Packages-DS20006006B.pdf,https://www.digikey.com/en/products/detail/microchip-technology/MIC5504-3-3YM5-TR/4864018,Enable,300mA,55 µA,65 µA,,1,-40°C ~ 125°C,Positive,Fixed,60dB (1kHz),"Over Current, Over Temperature",,,5.5V,,3.3V,0.38V @ 300mA
MIC5528-3.3YMT-TR,Microchip Technology,IC REG LINEAR 3.3V 500MA 6-TDFN,pmic-voltage-regulators-linear,4818,0.25,6-UFDFN Exposed Pad,Surface Mount,Active,https://ww1.microchip.com/downloads/aemDocuments/documents/OTH/ProductDocuments/DataSheets/MIC5528-High-Performance-500mA-LDO-in-Thin-and-Extra-Thin-DFN-Packages-DS20005982B.pdf,https://www.digikey.com/en/products/detail/microchip-technology/MIC5528-3-3YMT-TR/4864020,Enable,500mA,55 µA,65 µA,,1,-40°C ~ 125°C,Positive,Fixed,70dB ~ 60dB (100Hz ~ 1kHz),"Over Current, Over Temperature",,,5.5V,,3.3V,0.5V @ 500mA
MIC94310-PYMT-TR,Microchip Technology,IC REG LINEAR 3V 200MA 4-TDFN,pmic-voltage-regulators-linear,4655,0.37,4-UFDFN Exposed Pad,Surface Mount,Active,https://ww1.microchip.com/downloads/en/DeviceDoc/MIC94310-Data-Sheet-20006105B.pdf,https://www.digikey.com/en/products/detail/microchip-technology/MIC94310-PYMT-TR/4840896,Enable,200mA,250 µA,,,1,-40°C ~ 125°C,Positive,Fixed,85dB ~ 50dB (100Hz ~ 10MHz),"Over Current, Over Temperature",,Ripple Blocker™,3.6V,,3V,0.1V @ 200mA
NCP1117LPST33T3G,onsemi,IC REG LINEAR 3.3V 1A SOT-223,pmic-voltage-regulators-linear,29634,0.38,"TO-261-4, TO-261AA",Surface Mount,Active,https://www.onsemi.com/pdf/datasheet/ncp1117lp-d.pdf,https://www.digikey.com/en/products/detail/onsemi/NCP1117LPST33T3G/2194024,,1A,700 µA,,,1,0°C ~ 125°C,Positive,Fixed,60dB (120Hz),"Over Current, Over Temperature",,,18V,,3.3V,1.4V @ 1A
NCP163ASN330T1G,onsemi,IC REG LINEAR 3.3V 250MA SOT23-5,pmic-voltage-regulators-linear,15375,0.39,"SC-74A, SOT-753",Surface Mount,Active,https://www.onsemi.com/pdf/datasheet/ncp163-d.pdf,https://www.digikey.com/en/products/detail/onsemi/NCP163ASN330T1G/9694661,Enable,250mA,20 µA,,,1,-40°C ~ 125°C (TJ),Positive,Fixed,91dB ~ 60dB (100Hz ~ 100kHz),"Over Current, Over Temperature, Soft Start",,,5.5V,,3.3V,0.145V @ 250mA
NCP167AMX330TBG,onsemi,IC REG LINEAR 3.3V 700MA 4-XDFN,pmic-voltage-regulators-linear,9651,0.44,4-XDFN Exposed Pad,Surface Mount,Active,https://www.onsemi.com/pdf/datasheet/ncp167-d.pdf,https://www.digikey.com/en/products/detail/onsemi/NCP167AMX330TBG/9169759,Enable,700mA,18 µA,,,1,-40°C ~ 125°C (TJ),Positive,Fixed,85dB ~ 63dB (100Hz ~ 100kHz),"Over Current, Over Temperature, Soft Start",,,5.5V,,3.3V,0.29V @ 700mA
NCP177AMX330TCG,onsemi,IC REG LINEAR 3.3V 500MA 4-XDFN,pmic-voltage-regulators-linear,32680,0.22,4-XDFN Exposed Pad,Surface Mount,Active,https://www.onsemi.com/pdf/datasheet/ncp177-d.pdf,https://www.digikey.com/en/products/detail/onsemi/NCP177AMX330TCG/5848193,Enable,500mA,90 µA,,,1,-40°C ~ 85°C (TA),Positive,Fixed,75dB (1kHz),"Over Current, Over Temperature",,,5.5V,,3.3V,0.175V @ 500mA
NCP186AMX330TAG,onsemi,IC REG LINEAR 3.3V 1A 8-XDFN,pmic-voltage-regulators-linear,4471,0.37,8-XFDFN Exposed Pad,Surface Mount,Active,https://www.onsemi.com/download/data-sheet/pdf/ncp186-d.pdf,https://www.digikey.com/en/products/detail/onsemi/NCP186AMX330TAG/5761743,Enable,1A,140 µA,,,1,-40°C ~ 125°C,Positive,Fixed,75dB (1kHz),"Over Current, Over Temperature, Soft Start",,,5.5V,,3.3V,0.145V @ 1A
NCP186BMX330TAG,onsemi,IC REG LINEAR 3.3V 1A 8-XDFN,pmic-voltage-regulators-linear,31740,0.37,8-XFDFN Exposed Pad,Surface Mount,Active,https://www.onsemi.com/pdf/datasheet/ncp186-d.pdf,https://www.digikey.com/en/products/detail/onsemi/NCP186BMX330TAG/5817244,Enable,1A,140 µA,,,1,-40°C ~ 125°C,Positive,Fixed,75dB (1kHz),"Over Current, Over Temperature, Soft Start",,,5.5V,,3.3V,0.145V @ 1A
NCP551SN33T1G,onsemi,IC REG LINEAR 3.3V 150MA 5-TSOP,pmic-voltage-regulators-linear,8329,0.46,"SOT-23-5 Thin, TSOT-23-5",Surface Mount,Active,https://www.onsemi.com/pdf/datasheet/ncp551-d.pdf,https://www.digikey.com/en/products/detail/onsemi/NCP551SN33T1G/921391,Enable,150mA,8 µA,8 µA,,1,-40°C ~ 85°C,Positive,Fixed,,"Over Current, Over Temperature",,,12V,,3.3V,0.15V @ 10mA
RT9080-33GJ5,Richtek USA Inc.,IC REG LIN 3.3V 600MA TSOT-23-5,pmic-voltage-regulators-linear,98887,0.28,"SOT-23-5 Thin, TSOT-23-5",Surface Mount,Active,,https://www.digikey.com/en/products/detail/richtek-usa-inc/RT9080-33GJ5/6161634,Enable,600mA,4 µA,,,1,-40°C ~ 85°C (TA),Positive,Fixed,75dB (1kHz),"Over Current, Over Temperature",,,5.5V,,3.3V,0.53V @ 600mA
SPX1117M3-L-3-3/TR,"MaxLinear, Inc.",IC REG LIN 3.3V 800MA SOT-223-3,pmic-voltage-regulators-linear,18977,0.3,"TO-261-4, TO-261AA",Surface Mount,Active,https://www.maxlinear.com/ds/spx1117.pdf,https://www.digikey.com/en/products/detail/maxlinear-inc/SPX1117M3-L-3-3-TR/2472291,,800mA,10 mA,,,1,-40°C ~ 125°C,Positive,Fixed,70dB (120Hz),"Over Current, Over Temperature",,,20V,,3.3V,1.3V @ 800mA
SPX5205M5-L-3-3/TR,"MaxLinear, Inc.",IC REG LINEAR 3.3V 150MA SOT23-5,pmic-voltage-regulators-linear,21864,0.36,"SC-74A, SOT-753",Surface Mount,Active,https://www.maxlinear.com/ds/spx5205.pdf,https://www.digikey.com/en/products/detail/maxlinear-inc/SPX5205M5-L-3-3-TR/2472458,Enable,150mA,5 µA,2.5 mA,,1,-40°C ~ 85°C,Positive,Fixed,,"Over Current, Over Temperature, Reverse Polarity",,,16V,,3.3V,0.35V @ 150mA
SPX5205M5-L-5-0/TR,"MaxLinear, Inc.",IC REG LINEAR 5V 150MA SOT23-5,pmic-voltage-regulators-linear,37814,0.36,"SC-74A, SOT-753",Surface Mount,Active,https://www.maxlinear.com/ds/spx5205.pdf,https://www.digikey.com/en/products/detail/maxlinear-inc/SPX5205M5-L-5-0-TR/2472459,Enable,150mA,5 µA,2.5 mA,,1,-40°C ~ 85°C,Positive,Fixed,,"Over Current, Over Temperature, Reverse Polarity",,,16V,,5V,0.35V @ 150mA
"TAR5SB33(TE85L,F)",Toshiba Semiconductor and Storage,IC REG LINEAR 3.3V 200MA SMV,pmic-voltage-regulators-linear,11706,0.37,"SC-74A, SOT-753",Surface Mount,Active,,https://www.digikey.com/en/products/detail/toshiba-semiconductor-and-storage/TAR5SB33-TE85L-F/4305180,Enable,200mA,850 µA,,,1,-40°C ~ 85°C,Positive,Fixed,70dB (1kHz),"Over Current, Over Temperature",,,15V,,3.3V,0.2V @ 50mA
TC1014-3.0VCT713,Microchip Technology,IC REG LINEAR 3V 50MA SOT23-5,pmic-voltage-regulators-linear,12210,0.45,"SC-74A, SOT-753",Surface Mount,Active,https://ww1.microchip.com/downloads/aemDocuments/documents/APID/ProductDocuments/DataSheets/TC1014-1015-1185-50-mA-100-mA-and-150-mA-CMOS-LDOs-with-Shutdown-and-Reference-Bypass-Data-Sheet-DS20001335.pdf,https://www.digikey.com/en/products/detail/microchip-technology/TC1014-3-0VCT713/443107,Enable,50mA,80 µA,,,1,-40°C ~ 125°C,Positive,Fixed,64dB (1kHz),"Over Current, Over Temperature",,,6V,,3V,0.12V @ 50mA
TC1014-3.3VCT713,Microchip Technology,IC REG LINEAR 3.3V 50MA SOT23-5,pmic-voltage-regulators-linear,15191,0.45,"SC-74A, SOT-753",Surface Mount,Active,https://ww1.microchip.com/downloads/aemDocuments/documents/APID/ProductDocuments/DataSheets/TC1014-1015-1185-50-mA-100-mA-and-150-mA-CMOS-LDOs-with-Shutdown-and-Reference-Bypass-Data-Sheet-DS20001335.pdf,https://www.digikey.com/en/products/detail/microchip-technology/TC1014-3-3VCT713/443111,Enable,50mA,80 µA,,,1,-40°C ~ 125°C,Positive,Fixed,64dB (1kHz),"Over Current, Over Temperature",,,6V,,3.3V,0.12V @ 50mA
"TCR2EF33,LM(CT",Toshiba Semiconductor and Storage,IC REG LINEAR 3.3V 200MA SMV,pmic-voltage-regulators-linear,101229,0.14,"SC-74A, SOT-753",Surface Mount,Active,https://toshiba.semicon-storage.com/info/TCR2EF45_datasheet_en_20190620.pdf?did=13794&prodName=TCR2EF45,https://www.digikey.com/en/products/detail/toshiba-semiconductor-and-storage/TCR2EF33-LM-CT/4503183,Enable,200mA,60 µA,,,1,-40°C ~ 85°C,Positive,Fixed,73dB (1kHz),Over Current,,TCR2EF,5.5V,,3.3V,0.2V @ 150mA
TLV1117-33IDCYR,Texas Instruments,IC REG LIN 3.3V 800MA SOT-223-4,pmic-voltage-regulators-linear,16748,0.46,"TO-261-4, TO-261AA",Surface Mount,Active,https://www.ti.com/lit/ds/symlink/tlv1117.pdf?ts=1751350710342&ref_url=https%253A%252F%252Fwww.ti.com%252Fproduct%252FTLV1123,https://www.digikey.com/en/products/detail/texas-instruments/TLV1117-33IDCYR/1216719,,800mA,,,,1,-40°C ~ 125°C,Positive,Fixed,75dB (120Hz),"Over Current, Over Temperature",,,15V,,3.3V,1.3V @ 800mA
TLV1117LV33DCYR,Texas Instruments,IC REG LINEAR 3.3V 1A SOT-223-4,pmic-voltage-regulators-linear,2490,0.26,"TO-261-4, TO-261AA",Surface Mount,Active,,https://www.digikey.com/en/products/detail/texas-instruments/TLV1117LV33DCYR/2666508,,1A,100 µA,,,1,-40°C ~ 125°C,Positive,Fixed,75dB (120Hz),"Over Current, Over Temperature",,,5.5V,,3.3V,1.3V @ 800mA
TLV70018DCKR,Texas Instruments,IC REG LINEAR 1.8V 200MA SC-70-5,pmic-voltage-regulators-linear,72253,0.28,"5-TSSOP, SC-70-5, SOT-353",Surface Mount,Active,,https://www.digikey.com/en/products/detail/texas-instruments/TLV70018DCKR/2232567,Enable,200mA,55 µA,270 µA,,1,-40°C ~ 125°C (TJ),Positive,Fixed,68dB (1kHz),"Over Current, Over Temperature, Reverse Polarity, Under Voltage Lockout (UVLO)",,,5.5V,,1.8V,0.25V @ 200mA
TLV70233DBVR,Texas Instruments,IC REG LINEAR 3.3V 300MA SOT23-5,pmic-voltage-regulators-linear,32645,0.3,"SC-74A, SOT-753",Surface Mount,Active,,https://www.digikey.com/en/products/detail/texas-instruments/TLV70233DBVR/2600378,Enable,300mA,55 µA,370 µA,,1,-40°C ~ 125°C (TJ),Positive,Fixed,68dB (1kHz),"Over Current, Over Temperature, Reverse Polarity, Under Voltage Lockout (UVLO)",,,5.5V,,3.3V,0.38V @ 300mA
TLV75533PDBVR,Texas Instruments,IC REG LINEAR 3.3V 500MA SOT23-5,pmic-voltage-regulators-linear,107270,0.42,"SC-74A, SOT-753",Surface Mount,Active,,https://www.digikey.com/en/products/detail/texas-instruments/TLV75533PDBVR/9356541,Enable,500mA,31 µA,,,1,-40°C ~ 125°C (TJ),Positive,Fixed,52dB (1kHz ~ 1MHz),"Over Current, Over Temperature",,,5.5V,,3.3V,0.238V @ 500mA
TLV75733PDBVR,Texas Instruments,IC REG LINEAR 3.3V 1A SOT23-5,pmic-voltage-regulators-linear,16290,0.34,"SC-74A, SOT-753",Surface Mount,Active,,https://www.digikey.com/en/products/detail/texas-instruments/TLV75733PDBVR/9343364,Enable,1A,,40 µA,,1,-40°C ~ 125°C (TJ),Positive,Fixed,52dB (1kHz ~ 1MHz),"Current Limit, Thermal Shutdown, UVLO",,,5.5V,,3.3V,0.475V @ 1A
TLV75801PDBVR,Texas Instruments,IC REG LIN POS ADJ 500MA SOT23-5,pmic-voltage-regulators-linear,59255,0.31,"SC-74A, SOT-753",Surface Mount,Active,,https://www.digikey.com/en/products/detail/texas-instruments/TLV75801PDBVR/10715374,Enable,500mA,35 µA,,,1,-40°C ~ 125°C (TJ),Positive,Adjustable,50dB ~ 30dB (1kHz ~ 1MHz),"Over Current, Over Temperature, UVLO",,,6V,5.5V,0.55V,0.88V @ 500mA
TLV75801PDRVR,Texas Instruments,IC REG LIN POS ADJ 500MA 6-WSON,pmic-voltage-regulators-linear,173920,0.35,6-WDFN Exposed Pad,Surface Mount,Active,https://www.ti.com/lit/ds/symlink/tlv758p.pdf?ts=1698226070408&ref_url=https%253A%252F%252Fwww.ti.com%252Fproduct%252FTLV758P%252Fpart-details%252FTLV75801PDRVR,https://www.digikey.com/en/products/detail/texas-instruments/TLV75801PDRVR/9860771,Enable,500mA,35 µA,,,1,-40°C ~ 125°C (TJ),Positive,Adjustable,50dB ~ 30dB (1kHz ~ 1MHz),"Over Current, Over Temperature, UVLO",,,6V,5.5V,0.55V,0.88V @ 500mA
TLV76050DBZR,Texas Instruments,IC REG LINEAR 5V 100MA SOT23-3,pmic-voltage-regulators-linear,42699,0.23,"TO-236-3, SC-59, SOT-23-3",Surface Mount,Active,,https://www.digikey.com/en/products/detail/texas-instruments/TLV76050DBZR/7402852,,100mA,5 mA,,,1,-40°C ~ 125°C (TJ),Positive,Fixed,,Over Temperature,,,30V,,5V,1.1V @ 100mA
TPS79301DBVR,Texas Instruments,IC REG LIN POS ADJ 200MA SOT23-6,pmic-voltage-regulators-linear,27387,0.38,SOT-23-6,Surface Mount,Active,https://www.digikey.com//mm.digikey.com/Volume0/opasdata/d220001/medias/docus/1134/TPS793_Rev2015.pdf,https://www.digikey.com/en/products/detail/texas-instruments/TPS79301DBVR/411988,Enable,200mA,220 µA,,,1,-40°C ~ 150°C,Positive,Adjustable,70dB ~ 43dB (100Hz ~ 100kHz),"Over Current, Over Temperature, Reverse Polarity, Under Voltage Lockout (UVLO)",,,5.5V,5.5V,1.22V,
TPS7A2018PDBVR,Texas Instruments,IC REG LINEAR 1.8V 300MA SOT23-5,pmic-voltage-regulators-linear,14845,0.35,"SC-74A, SOT-753",Surface Mount,Active,,https://www.digikey.com/en/products/detail/texas-instruments/TPS7A2018PDBVR/13566855,Enable,300mA,15 µA,2 mA,,1,-40°C ~ 125°C (TJ),Positive,Fixed,65dB ~ 40dB (100Hz ~ 1MHz),"Over Current, Over Temperature, Under Voltage Lockout (UVLO)",,,6V,,1.8V,0.2V @ 300mA
TPS7A2018PYCKR,Texas Instruments,IC REG LINEAR 1.8V 300MA 4-DSBGA,pmic-voltage-regulators-linear,21610,0.31,"4-XFBGA, DSBGA",Surface Mount,Active,https://www.ti.com/lit/ds/symlink/tps7a20.pdf,https://www.digikey.com/en/products/detail/texas-instruments/TPS7A2018PYCKR/16676095,"Current Limit, Enable, Soft Start",300mA,15 µA,,,1,-40°C ~ 125°C (TJ),Positive,Fixed,65dB ~ 40dB (100Hz ~ 1MHz),"Over Current, Over Temperature, Short Circuit, Under Voltage Lockout (UVLO)",,,6V,,1.8V,0.2V @ 300mA
TPS7A2030PDBVR,Texas Instruments,IC REG LINEAR 3V 300MA SOT23-5,pmic-voltage-regulators-linear,2384,0.35,"SC-74A, SOT-753",Surface Mount,Active,,https://www.digikey.com/en/products/detail/texas-instruments/TPS7A2030PDBVR/13566871,Enable,300mA,15 µA,2 mA,,1,-40°C ~ 125°C (TJ),Positive,Fixed,65dB ~ 40dB (100Hz ~ 1MHz),"Over Current, Over Temperature, Under Voltage Lockout (UVLO)",,,6V,,3V,0.14V @ 300mA
TPS7A2030PDQNR,Texas Instruments,IC REG LINEAR 3V 300MA 4-X2SON,pmic-voltage-regulators-linear,32660,0.33,4-XDFN Exposed Pad,Surface Mount,Active,,https://www.digikey.com/en/products/detail/texas-instruments/TPS7A2030PDQNR/13670597,Enable,300mA,15 µA,2 mA,,1,-40°C ~ 125°C (TJ),Positive,Fixed,65dB ~ 40dB (100Hz ~ 1MHz),"Over Current, Over Temperature, Under Voltage Lockout (UVLO)",,,6V,,3V,0.14V @ 300mA
TPS7A2033PDBVR,Texas Instruments,IC REG LINEAR 3.3V 300MA SOT23-5,pmic-voltage-regulators-linear,26615,0.35,"SC-74A, SOT-753",Surface Mount,Active,,https://www.digikey.com/en/products/detail/texas-instruments/TPS7A2033PDBVR/13566866,Enable,300mA,15 µA,2 mA,,1,-40°C ~ 125°C (TJ),Positive,Fixed,65dB ~ 40dB (100Hz ~ 1MHz),"Over Current, Over Temperature, Under Voltage Lockout (UVLO)",,,6V,,3.3V,0.14V @ 300mA
TPS7A2050PDBVR,Texas Instruments,IC REG LINEAR 5V 300MA SOT23-5,pmic-voltage-regulators-linear,110368,0.37,"SC-74A, SOT-753",Surface Mount,Active,,https://www.digikey.com/en/products/detail/texas-instruments/TPS7A2050PDBVR/13566862,Enable,300mA,15 µA,2 mA,,1,-40°C ~ 125°C (TJ),Positive,Fixed,65dB ~ 40dB (100Hz ~ 1MHz),"Over Current, Over Temperature, Under Voltage Lockout (UVLO)",,,6V,,5V,0.14V @ 300mA
TS3480CX33 RFG,Taiwan Semiconductor Corporation,IC REG LINEAR 3.3V 100MA SOT23,pmic-voltage-regulators-linear,59863,0.39,"TO-236-3, SC-59, SOT-23-3",Surface Mount,Active,https://services.taiwansemi.com/storage/resources/datasheet/TS3480_D1810.pdf,https://www.digikey.com/en/products/detail/taiwan-semiconductor-corporation/TS3480CX33-RFG/7359808,,100mA,5 mA,,,1,-40°C ~ 125°C,Positive,Fixed,,,,,35V,,3.3V,1.1V @ 100mA
TS78L05ACY RMG,Taiwan Semiconductor Corporation,IC REG LINEAR 5V 100MA SOT89,pmic-voltage-regulators-linear,19976,0.34,TO-243AA,Surface Mount,Active,https://services.taiwansemi.com/storage/resources/datasheet/TS78L00_M2206.pdf,https://www.digikey.com/en/products/detail/taiwan-semiconductor-corporation/TS78L05ACY-RMG/7359842,Current Limit,100mA,6 mA,,,1,-40°C ~ 85°C (TA),Positive,Fixed,49dB (120Hz),"Over Current, Over Temperature",,,35V,,5V,1.7V @ 100mA (Typ)
UA78L05ACDR,Texas Instruments,IC REG LINEAR 5V 100MA 8-SOIC,pmic-voltage-regulators-linear,38895,0.35,"8-SOIC (0.154"", 3.90mm Width)",Surface Mount,Active,,https://www.digikey.com/en/products/detail/texas-instruments/UA78L05ACDR/277007,,100mA,,,,1,0°C ~ 125°C,Positive,Fixed,49dB (120Hz),"Over Current, Over Temperature, Reverse Polarity, Short Circuit",,,20V,,5V,1.7V @ 40mA
UA78L05ACPK,Texas Instruments,IC REG LINEAR 5V 100MA SOT89-3,pmic-voltage-regulators-linear,36914,0.32,TO-243AA,Surface Mount,Active,,https://www.digikey.com/en/products/detail/texas-instruments/UA78L05ACPK/440626,,100mA,,,,1,0°C ~ 125°C,Positive,Fixed,49dB (120Hz),"Over Current, Over Temperature, Reverse Polarity, Short Circuit",,,20V,,5V,1.7V @ 40mA
ZXTR2012Z-7,Diodes Incorporated,IC REG LINEAR 12V 47MA SOT89-3,pmic-voltage-regulators-linear,93283,0.46,TO-243AA,Surface Mount,Active,https://www.diodes.com/assets/Datasheets/ZXTR2012Z.pdf,https://www.digikey.com/en/products/detail/diodes-incorporated/ZXTR2012Z-7/4747713,,47mA,400 µA,900 µA,Automotive,1,-40°C ~ 125°C,Positive,Fixed,45dB (100Hz),,AEC-Q101,,100V,,12V,
