MPN,Manufacturer,Description,Subcategory,Stock,Unit Price,Package,Mounting Type,Status,Datasheet URL,Product URL,Battery Chemistry,Function,Number of Bits/Stages,Operating Temperature,Series
4213AM,Burr Brown,IC MULT/DIVIDER TO-100-10,interface-specialized,550,71.78,TO-100-10 Metal Can,,Active,https://rocelec.widen.net/view/pdf/6fvnme7fzz/4213.pdf?t.download=true&u=5oefqw,https://www.digikey.com/en/products/detail/rochester-electronics-llc/4213AM/12592344,,Analog Multiplier/Divider,4-Quadrant,,
4213AM-TI,Texas Instruments,4213 MULTIPLIER-DIVIDER,interface-specialized,8984,71.78,-,,Active,https://rocelec.widen.net/view/pdf/6fvnme7fzz/4213.pdf?t.download=true&u=5oefqw,https://www.digikey.com/en/products/detail/rochester-electronics-llc/4213AM-TI/12642476,,,,,*
4213BM,Texas Instruments,IC MULT/DIVIDER TO-100-10,interface-specialized,0,111.51,TO-100-10 Metal Can,,Obsolete,https://www.digikey.com//mm.digikey.com/Volume0/opasdata/d220001/medias/docus/734/4213.pdf,https://www.digikey.com/en/products/detail/texas-instruments/4213BM/300502,,Analog Multiplier/Divider,4-Quadrant,,
4213SM,Texas Instruments,IC MULT/DIVIDER TO-100-10,interface-specialized,8,275.77,TO-100-10 Metal Can,,Last Time Buy,https://www.digikey.com//mm.digikey.com/Volume0/opasdata/d220001/medias/docus/734/4213.pdf,https://www.digikey.com/en/products/detail/texas-instruments/4213SM/300503,,Analog Multiplier/Divider,4-Quadrant,,
4214AP,Texas Instruments,IC MULT/DIVIDER 14-CDIP,interface-specialized,0,55.4,"14-CDIP (0.300"", 7.62mm)",,Obsolete,https://www.digikey.com//mm.digikey.com/Volume0/opasdata/d220001/medias/docus/936/4214.pdf,https://www.digikey.com/en/products/detail/texas-instruments/4214AP/300504,,Analog Multiplier/Divider,4-Quadrant,,
4214BP,Burr Brown,IC MULT/DIVIDER 14-CDIP,interface-specialized,720,68.04,"14-CDIP (0.300"", 7.62mm)",,Obsolete,https://rocelec.widen.net/view/pdf/1u1cmyxbbu/TXIIS40742-1.pdf?t.download=true&u=5oefqw,https://www.digikey.com/en/products/detail/rochester-electronics-llc/4214BP/11542997,,Analog Multiplier/Divider,4-Quadrant,,
5962-9325101M2A,Harris Corporation,IC MULT 20-CLCC,interface-specialized,22,32.39,20-CLCC,,Active,https://rocelec.widen.net/view/pdf/y2oiu2avlf/HRISD023-8-3.pdf?t.download=true&u=5oefqw,https://www.digikey.com/en/products/detail/rochester-electronics-llc/5962-9325101M2A/12592029,,Analog Multiplier,2-Quadrant,,
AD532JHZ,Analog Devices Inc.,IC MULT/DIVIDER TO-100-10,interface-specialized,0,0.0,TO-100-10 Metal Can,,Discontinued at DigiKey,https://www.analog.com/media/en/technical-documentation/data-sheets/AD532.pdf,https://www.digikey.com/en/products/detail/analog-devices-inc/AD532JHZ/1551781,,Analog Multiplier/Divider,4-Quadrant,,
AD532KDZ,Analog Devices Inc.,IC MULT/DIVIDER 14-CDIP,interface-specialized,11,287.18,"14-CDIP (0.300"", 7.62mm)",,Active,https://www.analog.com/media/en/technical-documentation/data-sheets/AD532.pdf,https://www.digikey.com/en/products/detail/analog-devices-inc/AD532KDZ/1246034,,Analog Multiplier/Divider,4-Quadrant,,
AD532SD,Analog Devices Inc.,IC MULT/DIVIDER 14-CDIP,interface-specialized,0,0.0,"14-CDIP (0.300"", 7.62mm)",,Discontinued at DigiKey,https://www.analog.com/media/en/technical-documentation/data-sheets/AD532.pdf,https://www.digikey.com/en/products/detail/analog-devices-inc/AD532SD/617467,,Analog Multiplier/Divider,4-Quadrant,,
AD534JD,Analog Devices Inc.,IC MULT/DIVIDER 14-CDIP,interface-specialized,0,0.0,"14-CDIP (0.300"", 7.62mm)",,Obsolete,https://www.analog.com/media/en/technical-documentation/data-sheets/AD534.pdf,https://www.digikey.com/en/products/detail/analog-devices-inc/AD534JD/611754,,Analog Multiplier/Divider,4-Quadrant,,
AD534JDZ,Analog Devices Inc.,IC MULT/DIVIDER 14-CDIP,interface-specialized,0,167.94667,"14-CDIP (0.300"", 7.62mm)",,Discontinued at DigiKey,https://www.analog.com/media/en/technical-documentation/data-sheets/AD534.pdf,https://www.digikey.com/en/products/detail/analog-devices-inc/AD534JDZ/1643560,,Analog Multiplier/Divider,4-Quadrant,,
AD534JHZ,Analog Devices Inc.,IC MULT/DIVIDER TO-100-10,interface-specialized,0,0.0,TO-100-10 Metal Can,,Discontinued at DigiKey,https://www.analog.com/media/en/technical-documentation/data-sheets/AD534.pdf,https://www.digikey.com/en/products/detail/analog-devices-inc/AD534JHZ/1551782,,Analog Multiplier/Divider,4-Quadrant,,
AD534KD,Analog Devices Inc.,IC MULT/DIVIDER 14-CDIP,interface-specialized,0,0.0,"14-CDIP (0.300"", 7.62mm)",,Obsolete,https://www.analog.com/media/en/technical-documentation/data-sheets/AD534.pdf,https://www.digikey.com/en/products/detail/analog-devices-inc/AD534KD/617506,,Analog Multiplier/Divider,4-Quadrant,,
AD534LDZ,Analog Devices Inc.,IC MULT/DIVIDER 14-CDIP,interface-specialized,0,0.0,"14-CDIP (0.300"", 7.62mm)",,Discontinued at DigiKey,https://www.analog.com/media/en/technical-documentation/data-sheets/AD534.pdf,https://www.digikey.com/en/products/detail/analog-devices-inc/AD534LDZ/1812550,,Analog Multiplier/Divider,4-Quadrant,,
AD534SD,Analog Devices Inc.,IC MULT/DIVIDER 14-CDIP,interface-specialized,0,0.0,"14-CDIP (0.300"", 7.62mm)",,Discontinued at DigiKey,https://www.analog.com/media/en/technical-documentation/data-sheets/AD534.pdf,https://www.digikey.com/en/products/detail/analog-devices-inc/AD534SD/617511,,Analog Multiplier/Divider,4-Quadrant,,
AD534TD/883B,Analog Devices Inc.,IC MULT/DIVIDER 14-CDIP,interface-specialized,0,0.0,"14-CDIP (0.300"", 7.62mm)",,Discontinued at DigiKey,https://www.analog.com/media/en/technical-documentation/data-sheets/AD534.pdf,https://www.digikey.com/en/products/detail/analog-devices-inc/AD534TD-883B/3904495,,Analog Multiplier/Divider,4-Quadrant,,
AD538SD/883B,Analog Devices Inc.,IC COMP UNIT 18-SBDIP,interface-specialized,0,0.0,"18-CDIP (0.300"", 7.62mm)",,Discontinued at DigiKey,https://www.analog.com/media/en/technical-documentation/data-sheets/AD538.pdf,https://www.digikey.com/en/products/detail/analog-devices-inc/AD538SD-883B/3904503,,Analog Computational Unit,4-Quadrant,,
AD539JNZ,Analog Devices Inc.,IC MULT/DIVIDER 16-PDIP,interface-specialized,0,88.86,"16-DIP (0.300"", 7.62mm)",,Active,https://www.analog.com/media/en/technical-documentation/data-sheets/AD539.pdf,https://www.digikey.com/en/products/detail/analog-devices-inc/AD539JNZ/760689,,Analog Multiplier/Divider,2-Quadrant,,
AD539KNZ,Analog Devices Inc.,IC MULT/DIVIDER 16-PDIP,interface-specialized,0,126.83,"16-DIP (0.300"", 7.62mm)",,Active,https://www.analog.com/media/en/technical-documentation/data-sheets/AD539.pdf,https://www.digikey.com/en/products/detail/analog-devices-inc/AD539KNZ/760688,,Analog Multiplier/Divider,2-Quadrant,,
AD632BHZ,Analog Devices Inc.,IC MULT/DIVIDER TO-100-10,interface-specialized,0,0.0,TO-100-10 Metal Can,,Discontinued at DigiKey,https://www.analog.com/media/en/technical-documentation/data-sheets/AD632.pdf,https://www.digikey.com/en/products/detail/analog-devices-inc/AD632BHZ/1551338,,Analog Multiplier/Divider,4-Quadrant,,
AD633ANZ,Analog Devices Inc.,IC MULT 8-PDIP,interface-specialized,568,21.48,"8-DIP (0.300"", 7.62mm)",,Active,https://www.analog.com/media/en/technical-documentation/data-sheets/AD633.pdf,https://www.digikey.com/en/products/detail/analog-devices-inc/AD633ANZ/750990,,Analog Multiplier,4-Quadrant,,
AD633ARZ,Analog Devices Inc.,IC MULT 8-SOIC,interface-specialized,0,16.45,"8-SOIC (0.154"", 3.90mm Width)",,Active,https://www.analog.com/media/en/technical-documentation/data-sheets/AD633.pdf,https://www.digikey.com/en/products/detail/analog-devices-inc/AD633ARZ/617826,,Analog Multiplier,4-Quadrant,,
AD633ARZ-R7,Analog Devices Inc.,IC MULT 8-SOIC,interface-specialized,0,16.45,"8-SOIC (0.154"", 3.90mm Width)",,Active,https://www.analog.com/media/en/technical-documentation/data-sheets/AD633.pdf,https://www.digikey.com/en/products/detail/analog-devices-inc/AD633ARZ-R7/617827,,Analog Multiplier,4-Quadrant,,
AD633ARZ-RL,Analog Devices Inc.,IC MULT 8-SOIC,interface-specialized,0,16.45,"8-SOIC (0.154"", 3.90mm Width)",,Active,https://www.analog.com/media/en/technical-documentation/data-sheets/AD633.pdf,https://www.digikey.com/en/products/detail/analog-devices-inc/AD633ARZ-RL/617828,,Analog Multiplier,4-Quadrant,,
AD633JN,Analog Devices Inc.,IC MULT 8-PDIP,interface-specialized,0,0.0,"8-DIP (0.300"", 7.62mm)",,Obsolete,https://www.analog.com/media/en/technical-documentation/data-sheets/AD633.pdf,https://www.digikey.com/en/products/detail/analog-devices-inc/AD633JN/612044,,Analog Multiplier,4-Quadrant,,
AD633JNZ,Analog Devices Inc.,IC MULT 8-PDIP,interface-specialized,0,21.48,"8-DIP (0.300"", 7.62mm)",,Active,https://www.analog.com/media/en/technical-documentation/data-sheets/AD633.pdf,https://www.digikey.com/en/products/detail/analog-devices-inc/AD633JNZ/750991,,Analog Multiplier,4-Quadrant,,
AD633JR,Analog Devices Inc.,IC MULT 8-SOIC,interface-specialized,0,0.0,"8-SOIC (0.154"", 3.90mm Width)",,Obsolete,https://www.analog.com/media/en/technical-documentation/data-sheets/AD633.pdf,https://www.digikey.com/en/products/detail/analog-devices-inc/AD633JR/612042,,Analog Multiplier,4-Quadrant,,
AD633JR-REEL7,Analog Devices Inc.,IC MULT 8-SOIC,interface-specialized,0,0.0,"8-SOIC (0.154"", 3.90mm Width)",,Obsolete,https://www.analog.com/media/en/technical-documentation/data-sheets/AD633.pdf,https://www.digikey.com/en/products/detail/analog-devices-inc/AD633JR-REEL7/617830,,Analog Multiplier,4-Quadrant,,
AD633JRZ,Analog Devices Inc.,IC MULT 8-SOIC,interface-specialized,0,16.45,"8-SOIC (0.154"", 3.90mm Width)",,Active,https://www.analog.com/media/en/technical-documentation/data-sheets/AD633.pdf,https://www.digikey.com/en/products/detail/analog-devices-inc/AD633JRZ/617831,,Analog Multiplier,4-Quadrant,,
AD633JRZ-R7,Analog Devices Inc.,IC MULT 8-SOIC,interface-specialized,0,16.45,"8-SOIC (0.154"", 3.90mm Width)",,Active,https://www.analog.com/media/en/technical-documentation/data-sheets/AD633.pdf,https://www.digikey.com/en/products/detail/analog-devices-inc/AD633JRZ-R7/617832,,Analog Multiplier,4-Quadrant,,
AD633JRZ-RL,Analog Devices Inc.,IC MULT 8-SOIC,interface-specialized,0,16.45,"8-SOIC (0.154"", 3.90mm Width)",,Active,https://www.analog.com/media/en/technical-documentation/data-sheets/AD633.pdf,https://www.digikey.com/en/products/detail/analog-devices-inc/AD633JRZ-RL/617833,,Analog Multiplier,4-Quadrant,,
AD633TRZ-EP,Analog Devices Inc.,IC MULT 8-SOIC,interface-specialized,0,23.46,"8-SOIC (0.154"", 3.90mm Width)",,Active,https://www.analog.com/media/en/technical-documentation/data-sheets/AD633-EP.pdf,https://www.digikey.com/en/products/detail/analog-devices-inc/AD633TRZ-EP/8510314,,Analog Multiplier,4-Quadrant,,
AD633TRZ-EP-R7,Analog Devices Inc.,IC MULT 8-SOIC,interface-specialized,0,23.46,"8-SOIC (0.154"", 3.90mm Width)",,Active,https://www.analog.com/media/en/technical-documentation/data-sheets/AD633-EP.pdf,https://www.digikey.com/en/products/detail/analog-devices-inc/AD633TRZ-EP-R7/8510315,,Analog Multiplier,4-Quadrant,,
AD734AN,Analog Devices Inc.,IC MULT 14-PDIP,interface-specialized,0,0.0,"14-DIP (0.300"", 7.62mm)",,Obsolete,https://www.analog.com/media/en/technical-documentation/data-sheets/AD734.pdf,https://www.digikey.com/en/products/detail/analog-devices-inc/AD734AN/612018,,Analog Multiplier,4-Quadrant,,
AD734ANZ,Analog Devices Inc.,IC MULT 14-PDIP,interface-specialized,1630,58.28,"14-DIP (0.300"", 7.62mm)",,Active,https://www.analog.com/media/en/technical-documentation/data-sheets/AD734.pdf,https://www.digikey.com/en/products/detail/analog-devices-inc/AD734ANZ/751025,,Analog Multiplier,4-Quadrant,,
AD734AQ,Analog Devices Inc.,IC MULT 14-CERDIP,interface-specialized,0,0.0,"14-CDIP (0.300"", 7.62mm)",,Discontinued at DigiKey,https://www.analog.com/media/en/technical-documentation/data-sheets/AD734.pdf,https://www.digikey.com/en/products/detail/analog-devices-inc/AD734AQ/612017,,Analog Multiplier,4-Quadrant,,
AD734BN,Analog Devices Inc.,IC MULT 14-PDIP,interface-specialized,0,0.0,"14-DIP (0.300"", 7.62mm)",,Obsolete,https://www.analog.com/media/en/technical-documentation/data-sheets/AD734.pdf,https://www.digikey.com/en/products/detail/analog-devices-inc/AD734BN/612014,,Analog Multiplier,4-Quadrant,,
AD734BNZ,Analog Devices Inc.,IC MULT 14-PDIP,interface-specialized,0,0.0,"14-DIP (0.300"", 7.62mm)",,Discontinued at DigiKey,https://www.analog.com/media/en/technical-documentation/data-sheets/AD734.pdf,https://www.digikey.com/en/products/detail/analog-devices-inc/AD734BNZ/751026,,Analog Multiplier,4-Quadrant,,
AD734BQ,Analog Devices Inc.,IC MULT 14-CERDIP,interface-specialized,0,0.0,"14-CDIP (0.300"", 7.62mm)",,Discontinued at DigiKey,https://www.analog.com/media/en/technical-documentation/data-sheets/AD734.pdf,https://www.digikey.com/en/products/detail/analog-devices-inc/AD734BQ/618251,,Analog Multiplier,4-Quadrant,,
AD834AQ,Analog Devices Inc.,IC MULT 8-CERDIP,interface-specialized,0,0.0,"8-CDIP (0.300"", 7.62mm)",,Discontinued at DigiKey,https://www.analog.com/media/en/technical-documentation/data-sheets/AD834.pdf,https://www.digikey.com/en/products/detail/analog-devices-inc/AD834AQ/621069,,Analog Multiplier,4-Quadrant,,
AD834ARZ,Analog Devices Inc.,IC MULT 8-SOIC,interface-specialized,415,73.37,"8-SOIC (0.154"", 3.90mm Width)",,Active,https://www.analog.com/media/en/technical-documentation/data-sheets/AD834.pdf,https://www.digikey.com/en/products/detail/analog-devices-inc/AD834ARZ/751159,,Analog Multiplier,4-Quadrant,,
AD834ARZ-R7,Analog Devices Inc.,IC MULT 8-SOIC,interface-specialized,0,50.86711,"8-SOIC (0.154"", 3.90mm Width)",,Active,https://www.analog.com/media/en/technical-documentation/data-sheets/AD834.pdf,https://www.digikey.com/en/products/detail/analog-devices-inc/AD834ARZ-R7/996091,,Analog Multiplier,4-Quadrant,,
AD834JRZ,Analog Devices Inc.,IC MULT 8-SOIC,interface-specialized,347,69.11,"8-SOIC (0.154"", 3.90mm Width)",,Active,https://www.analog.com/media/en/technical-documentation/data-sheets/AD834.pdf,https://www.digikey.com/en/products/detail/analog-devices-inc/AD834JRZ/621076,,Analog Multiplier,4-Quadrant,,
AD834JRZ-R7,Analog Devices Inc.,IC MULT 8-SOIC,interface-specialized,0,48.03955,"8-SOIC (0.154"", 3.90mm Width)",,Active,https://www.analog.com/media/en/technical-documentation/data-sheets/AD834.pdf,https://www.digikey.com/en/products/detail/analog-devices-inc/AD834JRZ-R7/621077,,Analog Multiplier,4-Quadrant,,
AD834JRZ-RL,Analog Devices Inc.,IC MULT 8-SOIC,interface-specialized,0,46.9242,"8-SOIC (0.154"", 3.90mm Width)",,Active,https://www.analog.com/media/en/technical-documentation/data-sheets/AD834.pdf,https://www.digikey.com/en/products/detail/analog-devices-inc/AD834JRZ-RL/621078,,Analog Multiplier,4-Quadrant,,
AD835ANZ,Analog Devices Inc.,IC MULT 8-PDIP,interface-specialized,100,52.42,"8-DIP (0.300"", 7.62mm)",,Active,https://www.analog.com/media/en/technical-documentation/data-sheets/AD835.pdf,https://www.digikey.com/en/products/detail/analog-devices-inc/AD835ANZ/936541,,Analog Multiplier,4-Quadrant,,
AD835AR,Analog Devices Inc.,IC MULT 8-SOIC,interface-specialized,0,0.0,"8-SOIC (0.154"", 3.90mm Width)",,Obsolete,https://www.analog.com/media/en/technical-documentation/data-sheets/AD835.pdf,https://www.digikey.com/en/products/detail/analog-devices-inc/AD835AR/611725,,Analog Multiplier,4-Quadrant,,
AD835AR-REEL,Analog Devices Inc.,IC MULT 8-SOIC,interface-specialized,0,0.0,"8-SOIC (0.154"", 3.90mm Width)",,Obsolete,https://www.analog.com/media/en/technical-documentation/data-sheets/AD835.pdf,https://www.digikey.com/en/products/detail/analog-devices-inc/AD835AR-REEL/621099,,Analog Multiplier,4-Quadrant,,
AD835AR-REEL7,Analog Devices Inc.,IC MULT 8-SOIC,interface-specialized,0,0.0,"8-SOIC (0.154"", 3.90mm Width)",,Obsolete,https://www.analog.com/media/en/technical-documentation/data-sheets/AD835.pdf,https://www.digikey.com/en/products/detail/analog-devices-inc/AD835AR-REEL7/621100,,Analog Multiplier,4-Quadrant,,
AD835ARZ,Analog Devices Inc.,IC MULT 8-SOIC,interface-specialized,1028,40.04,"8-SOIC (0.154"", 3.90mm Width)",,Active,https://www.analog.com/media/en/technical-documentation/data-sheets/AD835.pdf,https://www.digikey.com/en/products/detail/analog-devices-inc/AD835ARZ/621101,,Analog Multiplier,4-Quadrant,,
AD835ARZ-REEL,Analog Devices Inc.,IC MULT 8-SOIC,interface-specialized,0,26.19338,"8-SOIC (0.154"", 3.90mm Width)",,Active,https://www.analog.com/media/en/technical-documentation/data-sheets/AD835.pdf,https://www.digikey.com/en/products/detail/analog-devices-inc/AD835ARZ-REEL/621102,,Analog Multiplier,4-Quadrant,,
AD835ARZ-REEL7,Analog Devices Inc.,IC MULT 8-SOIC,interface-specialized,1149,40.04,"8-SOIC (0.154"", 3.90mm Width)",,Active,https://www.analog.com/media/en/technical-documentation/data-sheets/AD835.pdf,https://www.digikey.com/en/products/detail/analog-devices-inc/AD835ARZ-REEL7/621103,,Analog Multiplier,4-Quadrant,,
AM25LS14AFMB,Advanced Micro Devices,IC MULT 16-CFLATPACK,interface-specialized,505,71.04,16-CFlatPack,,Active,https://rocelec.widen.net/view/pdf/iwvz53wt02/AMDIS03525-1.pdf?t.download=true&u=5oefqw,https://www.digikey.com/en/products/detail/rochester-electronics-llc/AM25LS14AFMB/12114346,,Analog Multiplier,,,
AM25S05DC,Advanced Micro Devices,IC MULT 24-CDIP,interface-specialized,1630,15.31,"24-CDIP (0.300"", 7.62mm)",,Active,https://rocelec.widen.net/view/pdf/kuexl9eekg/AMDID082-9-1.pdf?t.download=true&u=5oefqw,https://www.digikey.com/en/products/detail/rochester-electronics-llc/AM25S05DC/12115300,,Analog Multiplier,,,
AM25S05PCB,Advanced Micro Devices,IC MULT 24-PDIP,interface-specialized,348,17.49,"24-DIP (0.300"", 7.62mm)",,Active,https://rocelec.widen.net/view/pdf/hqmtfzeqcy/AMDIS03526-1.pdf?t.download=true&u=5oefqw,https://www.digikey.com/en/products/detail/rochester-electronics-llc/AM25S05PCB/12114826,,Analog Multiplier,,,
DS1260-100,Analog Devices Inc./Maxim Integrated,IC BATT LITHIUM 16-DIP MOD,interface-signal-buffers-repeaters-splitters,0,0.0,"16-DIP Module (0.300"", 7.62mm)",Through Hole,Obsolete,https://pdfserv.maximintegrated.com/en/ds/DS1260.pdf,https://www.digikey.com/en/products/detail/analog-devices-inc-maxim-integrated/DS1260-100/420186,Lithium Cell,Back-Up Management,,0°C ~ 70°C,
DS1260-25,Analog Devices Inc./Maxim Integrated,IC BATT LITHIUM 16-DIP MOD,interface-signal-buffers-repeaters-splitters,0,0.0,"16-DIP Module (0.300"", 7.62mm)",Through Hole,Obsolete,https://pdfserv.maximintegrated.com/en/ds/DS1260.pdf,https://www.digikey.com/en/products/detail/analog-devices-inc-maxim-integrated/DS1260-25/444291,Lithium Cell,Back-Up Management,,0°C ~ 70°C,
DS1260-50,Analog Devices Inc./Maxim Integrated,IC BATT LITHIUM 16-DIP MOD,interface-signal-buffers-repeaters-splitters,0,0.0,"16-DIP Module (0.300"", 7.62mm)",Through Hole,Obsolete,https://pdfserv.maximintegrated.com/en/ds/DS1260.pdf,https://www.digikey.com/en/products/detail/analog-devices-inc-maxim-integrated/DS1260-50/444307,Lithium Cell,Back-Up Management,,0°C ~ 70°C,
DS90340I-PCX,Analog Devices Inc./Maxim Integrated,IC BATT LITHIUM 34-POWERCAP MOD,interface-signal-buffers-repeaters-splitters,0,6.82895,34-PowerCap™ Module,Surface Mount,Obsolete,https://www.digikey.com//mm.digikey.com/Volume0/opasdata/d220001/medias/docus/377/DS1743%28P%29.pdf,https://www.digikey.com/en/products/detail/analog-devices-inc-maxim-integrated/DS90340I-PCX/680802,Lithium Cell,Back-Up Management,,-40°C ~ 85°C,
DS9034I-PCX+,Analog Devices Inc./Maxim Integrated,IC BATT LITHIUM 34-POWERCAP MOD,interface-signal-buffers-repeaters-splitters,428,16.32,34-PowerCap™ Module,Surface Mount,Active,https://www.analog.com/media/en/technical-documentation/data-sheets/ds9034i-pcx-ds9034pcx.pdf,https://www.digikey.com/en/products/detail/analog-devices-inc-maxim-integrated/DS9034I-PCX/1197673,Lithium Cell,Back-Up Management,,-40°C ~ 85°C,
DS9034PC,Analog Devices Inc./Maxim Integrated,IC BATT LITHIUM 34-POWERCAP MOD,interface-signal-buffers-repeaters-splitters,0,6.26842,34-PowerCap™ Module,Surface Mount,Obsolete,https://www.analog.com/media/en/technical-documentation/data-sheets/ds9034pc.pdf,https://www.digikey.com/en/products/detail/analog-devices-inc-maxim-integrated/DS9034PC/420056,Lithium Cell,Back-Up Management,,0°C ~ 70°C,
DS9034PC+,Analog Devices Inc./Maxim Integrated,IC BATT LITHIUM 34-POWERCAP MOD,interface-signal-buffers-repeaters-splitters,970,14.29,34-PowerCap™ Module,Surface Mount,Active,https://www.digikey.com//mm.digikey.com/Volume0/opasdata/d220001/medias/docus/6130/DS9034PC.pdf,https://www.digikey.com/en/products/detail/analog-devices-inc-maxim-integrated/DS9034PC/957019,Lithium Cell,Back-Up Management,,0°C ~ 70°C,
DS9034PCI,Analog Devices Inc./Maxim Integrated,IC BATT LITHIUM 34-POWERCAP MOD,interface-signal-buffers-repeaters-splitters,0,0.0,34-PowerCap™ Module,Surface Mount,Obsolete,https://www.analog.com/media/en/technical-documentation/data-sheets/ds9034pc.pdf,https://www.digikey.com/en/products/detail/analog-devices-inc-maxim-integrated/DS9034PCI/680803,Lithium Cell,Back-Up Management,,-40°C ~ 85°C,
DS9034PCI+,Analog Devices Inc./Maxim Integrated,IC BATT LITHIUM 34-POWERCAP MOD,interface-signal-buffers-repeaters-splitters,74,15.37,34-PowerCap™ Module,Surface Mount,Active,https://www.digikey.com//mm.digikey.com/Volume0/opasdata/d220001/medias/docus/6130/DS9034PC.pdf,https://www.digikey.com/en/products/detail/analog-devices-inc-maxim-integrated/DS9034PCI/1197674,Lithium Cell,Back-Up Management,,-40°C ~ 85°C,
DS9034PCX,Analog Devices Inc./Maxim Integrated,IC BATT LITHIUM 34-POWERCAP MOD,interface-signal-buffers-repeaters-splitters,0,6.37474,34-PowerCap™ Module,Surface Mount,Obsolete,https://www.analog.com/media/en/technical-documentation/data-sheets/ds9034i-pcx-ds9034pcx.pdf,https://www.digikey.com/en/products/detail/analog-devices-inc-maxim-integrated/DS9034PCX/417485,Lithium Cell,Back-Up Management,,0°C ~ 70°C,
DS9034PCX+,Analog Devices Inc./Maxim Integrated,IC BATT LITHIUM 34-POWERCAP MOD,interface-signal-buffers-repeaters-splitters,702,13.96,34-PowerCap™ Module,Surface Mount,Active,https://www.analog.com/media/en/technical-documentation/data-sheets/ds9034i-pcx-ds9034pcx.pdf,https://www.digikey.com/en/products/detail/analog-devices-inc-maxim-integrated/DS9034PCX/957018,Lithium Cell,Back-Up Management,,0°C ~ 70°C,
GT4122-CDF,Gennum,IC MULT 20-PDIP,interface-specialized,30,11.61,20-DIP,,Active,https://rocelec.widen.net/view/pdf/ysyr40npoc/GENNS00328-1.pdf?t.download=true&u=5oefqw,https://www.digikey.com/en/products/detail/rochester-electronics-llc/GT4122-CDF/12134700,,Analog Multiplier,2-Quadrant,,
GT4123-CDA,Gennum,IC MULT 8-PDIP,interface-specialized,1855,4.25,8-DIP,,Active,https://rocelec.widen.net/view/pdf/sum6vvjhkf/GENND00004-DS40-1.pdf?t.download=true&u=5oefqw,https://www.digikey.com/en/products/detail/rochester-electronics-llc/GT4123-CDA/12137622,,Analog Multiplier,2-Quadrant,,
GT4123ACDA,Gennum,IC MULT 8-PDIP,interface-specialized,333,4.25,8-DIP,,Active,https://rocelec.widen.net/view/pdf/sum6vvjhkf/GENND00004-DS40-1.pdf?t.download=true&u=5oefqw,https://www.digikey.com/en/products/detail/rochester-electronics-llc/GT4123ACDA/12138897,,Analog Multiplier,2-Quadrant,,
GT4123ACKAE3,Gennum,ANALOG MULTIPLIER OR DIVIDER,interface-specialized,1237,4.6,-,,Active,https://rocelec.widen.net/view/pdf/sum6vvjhkf/GENND00004-DS40-1.pdf?t.download=true&u=5oefqw,https://www.digikey.com/en/products/detail/rochester-electronics-llc/GT4123ACKAE3/12135075,,,,,*
GT4123BCDA,Gennum,IC MULT 8-PDIP,interface-specialized,2367,4.25,8-DIP,,Active,https://rocelec.widen.net/view/pdf/rhhhicytyo/GENNS00490-1.pdf?t.download=true&u=5oefqw,https://www.digikey.com/en/products/detail/rochester-electronics-llc/GT4123BCDA/12137711,,Analog Multiplier,2-Quadrant,,
HA1-2546-5,Intersil,IC MULT 16-CERDIP,interface-specialized,93,15.01,"16-CDIP (0.300"", 7.62mm)",,Active,https://rocelec.widen.net/view/pdf/h9aupfobuo/INSLS01154-1.pdf?t.download=true&u=5oefqw,https://www.digikey.com/en/products/detail/rochester-electronics-llc/HA1-2546-5/12098863,,Analog Multiplier,2-Quadrant,,
HA1-2547-5,Harris Corporation,IC MULT 16-CERDIP,interface-specialized,300,99.69,"16-CDIP (0.300"", 7.62mm)",,Active,https://rocelec.widen.net/view/pdf/osqaxyf3xx/HRISD034-8-87.pdf?t.download=true&u=5oefqw,https://www.digikey.com/en/products/detail/rochester-electronics-llc/HA1-2547-5/12098185,,Analog Multiplier,2-Quadrant,,
HA1-2547-9,Harris Corporation,IC MULT 16-CERDIP,interface-specialized,4406,93.56,"16-CDIP (0.300"", 7.62mm)",,Active,https://rocelec.widen.net/view/pdf/osqaxyf3xx/HRISD034-8-87.pdf?t.download=true&u=5oefqw,https://www.digikey.com/en/products/detail/rochester-electronics-llc/HA1-2547-9/12098142,,Analog Multiplier,2-Quadrant,,
HA1-2556-9,Renesas Electronics Corporation,IC MULT 16-CERDIP,interface-specialized,0,0.0,"16-CDIP (0.300"", 7.62mm)",,Obsolete,,https://www.digikey.com/en/products/detail/renesas-electronics-corporation/HA1-2556-9/1061992,,Analog Multiplier,4-Quadrant,,HA
HA1-2557-9,Harris Corporation,IC MULT 16-CERDIP,interface-specialized,88,87.19,"16-CDIP (0.300"", 7.62mm)",,Active,https://rocelec.widen.net/view/pdf/rf5rwpkrcg/HRISD010-7-101.pdf?t.download=true&u=5oefqw,https://www.digikey.com/en/products/detail/rochester-electronics-llc/HA1-2557-9/12098591,,Analog Multiplier,4-Quadrant,,
HA3-2557-9,Harris Corporation,IC MULT 16-PDIP,interface-specialized,1417,4.93,"16-DIP (0.300"", 7.62mm)",,Active,https://rocelec.widen.net/view/pdf/jxikgqa9rd/HRISD034-8-102.pdf?t.download=true&u=5oefqw,https://www.digikey.com/en/products/detail/rochester-electronics-llc/HA3-2557-9/12110341,,Analog Multiplier,4-Quadrant,,
HA9P2556-9Z,Renesas Electronics Corporation,IC MULT 16-SOIC,interface-specialized,0,62.35,"16-SOIC (0.295"", 7.50mm Width)",,Active,https://www.renesas.com/us/en/document/dst/ha-2556-datasheet,https://www.digikey.com/en/products/detail/renesas-electronics-corporation/HA9P2556-9Z/1976092,,Analog Multiplier,4-Quadrant,,
HMA510JC-45,Intersil,IC DIGITAL MULT 68-PLCC,interface-specialized,1260,9.06,68-LCC (J-Lead),,Active,https://rocelec.widen.net/view/pdf/7icft33zra/INSLS03490-1.pdf?t.download=true&u=5oefqw,https://www.digikey.com/en/products/detail/rochester-electronics-llc/HMA510JC-45/12098036,,Digital Multiplier,,,
HMA510JC-55,Intersil,IC DIGITAL MULT 68-PLCC,interface-specialized,3351,6.2,68-LCC (J-Lead),,Active,https://rocelec.widen.net/view/pdf/7icft33zra/INSLS03490-1.pdf?t.download=true&u=5oefqw,https://www.digikey.com/en/products/detail/rochester-electronics-llc/HMA510JC-55/12098889,,Digital Multiplier,,,
ICL8013BMTX,Harris Corporation,IC MULT TO-100-10,interface-specialized,557,64.47,TO-100-10 Metal Can,,Active,https://rocelec.widen.net/view/pdf/e0laxjblh9/HRISD034-8-145.pdf?t.download=true&u=5oefqw,https://www.digikey.com/en/products/detail/rochester-electronics-llc/ICL8013BMTX/12124224,,Analog Multiplier,4-Quadrant,,
M4Z28-BR00SH1,STMicroelectronics,IC BATT LITHIUM SNAPHAT,interface-signal-buffers-repeaters-splitters,483,9.67,Snaphat®,Snap-In,Active,https://www.st.com/content/ccc/resource/technical/document/datasheet/d8/ee/0d/a4/8a/c8/4a/1d/CD00149845.pdf/files/CD00149845.pdf/jcr:content/translations/en.CD00149845.pdf,https://www.digikey.com/en/products/detail/stmicroelectronics/M4Z28-BR00SH1/679618,Lithium,Back-Up Management,,-40°C ~ 85°C,Snaphat®
M4Z32-BR00SH1,STMicroelectronics,IC BATT LITHIUM SNAPHAT,interface-signal-buffers-repeaters-splitters,182,14.67,Snaphat®,Snap-In,Active,https://www.st.com/content/ccc/resource/technical/document/datasheet/d8/ee/0d/a4/8a/c8/4a/1d/CD00149845.pdf/files/CD00149845.pdf/jcr:content/translations/en.CD00149845.pdf,https://www.digikey.com/en/products/detail/stmicroelectronics/M4Z32-BR00SH1/679619,Lithium,Back-Up Management,,-40°C ~ 85°C,Snaphat®
MPY100AG,Texas Instruments,IC MULT/DIVIDER 14-CDIP,interface-specialized,11,153.73,"14-CDIP (0.300"", 7.62mm)",,Last Time Buy,https://www.digikey.com//mm.digikey.com/Volume0/opasdata/d220001/medias/docus/1/MPY100.pdf,https://www.digikey.com/en/products/detail/texas-instruments/MPY100AG/251111,,Analog Multiplier/Divider,4-Quadrant,,MPY
MPY100BG,Burr Brown,IC MULT/DIVIDER 14-CDIP,interface-specialized,5,117.44,"14-CDIP (0.300"", 7.62mm)",,Active,https://rocelec.widen.net/view/pdf/jjg9bdjjud/mpy100.pdf?t.download=true&u=5oefqw,https://www.digikey.com/en/products/detail/rochester-electronics-llc/MPY100BG/12596673,,Analog Multiplier/Divider,4-Quadrant,,MPY
MPY100BG-TI,Texas Instruments,MPY100 MULTIPLIER/DIVIDER,interface-specialized,6228,117.44,-,,Active,https://rocelec.widen.net/view/pdf/jjg9bdjjud/mpy100.pdf?t.download=true&u=5oefqw,https://www.digikey.com/en/products/detail/rochester-electronics-llc/MPY100BG-TI/12644372,,,,,*
MPY100CG,Texas Instruments,IC MULT/DIVIDER 14-CDIP,interface-specialized,2,189.71,"14-CDIP (0.300"", 7.62mm)",,Last Time Buy,https://www.digikey.com//mm.digikey.com/Volume0/opasdata/d220001/medias/docus/1/MPY100.pdf,https://www.digikey.com/en/products/detail/texas-instruments/MPY100CG/301087,,Analog Multiplier/Divider,4-Quadrant,,MPY
MPY100CM,Burr Brown,IC MULT/DIVIDER TO-100-10,interface-specialized,0,0.0,TO-100-10 Metal Can,,Obsolete,https://rocelec.widen.net/view/pdf/jjg9bdjjud/mpy100.pdf?t.download=true&u=5oefqw,https://www.digikey.com/en/products/detail/rochester-electronics-llc/MPY100CM/11553677,,Analog Multiplier/Divider,4-Quadrant,,MPY
MPY100SG,Texas Instruments,IC MULT/DIVIDER 14-CDIP,interface-specialized,0,99.336,"14-CDIP (0.300"", 7.62mm)",,Obsolete,https://www.digikey.com//mm.digikey.com/Volume0/opasdata/d220001/medias/docus/1/MPY100.pdf,https://www.digikey.com/en/products/detail/texas-instruments/MPY100SG/301089,,Analog Multiplier/Divider,4-Quadrant,,MPY
MPY534JD,Texas Instruments,IC MULT 14-CDIP,interface-specialized,7205,26.63,"14-CDIP (0.300"", 7.62mm)",,Obsolete,,https://www.digikey.com/en/products/detail/texas-instruments/MPY534JD/11513483,,Analog Multiplier,4-Quadrant,,MPY
MPY534KD,Burr Brown,IC MULT 14-CDIP,interface-specialized,3420,25.05,"14-CDIP (0.300"", 7.62mm)",,Obsolete,https://rocelec.widen.net/view/pdf/ktpwggpy4z/BURRD00011-1-7.10.pdf?t.download=true&u=5oefqw,https://www.digikey.com/en/products/detail/rochester-electronics-llc/MPY534KD/11513287,,Analog Multiplier,4-Quadrant,,MPY
MPY534KH,Texas Instruments,IC MULT TO-100-10,interface-specialized,144,45.38,TO-100-10 Metal Can,,Obsolete,,https://www.digikey.com/en/products/detail/texas-instruments/MPY534KH/11526701,,Analog Multiplier,4-Quadrant,,MPY
MPY534LD,Burr Brown,IC MULT 14-CDIP,interface-specialized,338,81.39,"14-CDIP (0.300"", 7.62mm)",,Obsolete,https://rocelec.widen.net/view/pdf/e5nwhd7ywq/TXIIS76075-1.pdf?t.download=true&u=5oefqw,https://www.digikey.com/en/products/detail/rochester-electronics-llc/MPY534LD/11544550,,Analog Multiplier,4-Quadrant,,MPY
MPY534LH,Burr Brown,IC MULT TO-100-10,interface-specialized,0,0.0,TO-100-10 Metal Can,,Obsolete,https://rocelec.widen.net/view/pdf/e5nwhd7ywq/TXIIS76075-1.pdf?t.download=true&u=5oefqw,https://www.digikey.com/en/products/detail/rochester-electronics-llc/MPY534LH/11553537,,Analog Multiplier,4-Quadrant,,MPY
MPY534SH,Texas Instruments,IC MULT TO-100-10,interface-specialized,349,57.3,TO-100-10 Metal Can,,Obsolete,,https://www.digikey.com/en/products/detail/texas-instruments/MPY534SH/11526767,,Analog Multiplier,4-Quadrant,,MPY
MPY534TD,Burr Brown,IC MULT 14-CDIP,interface-specialized,146,67.85,"14-CDIP (0.300"", 7.62mm)",,Obsolete,https://rocelec.widen.net/view/pdf/e5nwhd7ywq/TXIIS76075-1.pdf?t.download=true&u=5oefqw,https://www.digikey.com/en/products/detail/rochester-electronics-llc/MPY534TD/11545391,,Analog Multiplier,4-Quadrant,,MPY
MPY534TH,Burr Brown,IC MULT TO-100-10,interface-specialized,165,61.24,TO-100-10 Metal Can,,Obsolete,https://rocelec.widen.net/view/pdf/e5nwhd7ywq/TXIIS76075-1.pdf?t.download=true&u=5oefqw,https://www.digikey.com/en/products/detail/rochester-electronics-llc/MPY534TH/11545899,,Analog Multiplier,4-Quadrant,,MPY
MPY535LH,Burr Brown,ANALOG MULTIPLIER OR DIVIDER,interface-specialized,134,32.55,-,,Active,,https://www.digikey.com/en/products/detail/rochester-electronics-llc/MPY535LH/12601760,,,,,*
MPY634KP,Texas Instruments,IC MULT 14-PDIP,interface-specialized,631,47.77,"14-DIP (0.300"", 7.62mm)",,Active,,https://www.digikey.com/en/products/detail/texas-instruments/MPY634KP/251116,,Analog Multiplier,4-Quadrant,,MPY
MPY634KPG4,Texas Instruments,IC MULT 14-PDIP,interface-specialized,0,20.2896,"14-DIP (0.300"", 7.62mm)",,Discontinued at DigiKey,,https://www.digikey.com/en/products/detail/texas-instruments/MPY634KPG4/1511376,,Analog Multiplier,4-Quadrant,,MPY
MPY634KU,Texas Instruments,IC MULT 16-SOIC,interface-specialized,0,35.35375,"16-SOIC (0.295"", 7.50mm Width)",,Last Time Buy,,https://www.digikey.com/en/products/detail/texas-instruments/MPY634KU/301100,,Analog Multiplier,4-Quadrant,,MPY
MPY634KU/1K,Texas Instruments,IC MULT 16-SOIC,interface-specialized,6165,27.43,"16-SOIC (0.295"", 7.50mm Width)",,Active,,https://www.digikey.com/en/products/detail/rochester-electronics-llc/MPY634KU-1K/13504424,,Analog Multiplier,4-Quadrant,,MPY
MPY634KU/1KE4,Texas Instruments,IC MULT 16-SOIC,interface-specialized,0,28.23898,"16-SOIC (0.295"", 7.50mm Width)",,Active,https://www.ti.com/lit/ds/symlink/mpy634.pdf?ts=1694794567712&ref_url=https%253A%252F%252Fwww.ti.com%252Fsitesearch%252Fen-us%252Fdocs%252Funiversalsearch.tsp%253FlangPref%253Den-US%2526searchTerm%253DMPY634KU%252F1KE4%2526nr%253D3,https://www.digikey.com/en/products/detail/texas-instruments/MPY634KU-1KE4/18159202,,Analog Multiplier,4-Quadrant,,
MPY634KUE4,Texas Instruments,IC MULT 16-SOIC,interface-specialized,0,35.35375,"16-SOIC (0.295"", 7.50mm Width)",,Last Time Buy,https://www.ti.com/lit/ds/symlink/mpy634.pdf?ts=1709563315805&ref_url=https%253A%252F%252Fwww.ti.com%252Fsitesearch%252Fen-us%252Fdocs%252Funiversalsearch.tsp%253FlangPref%253Den-US%2526searchTerm%253Danalog%2Bmultiplier%2526nr%253D18077,https://www.digikey.com/en/products/detail/texas-instruments/MPY634KUE4/18181748,,Analog Multiplier,4-Quadrant,,
MPY634KUG4,Texas Instruments,IC MULT 16-SOIC,interface-specialized,0,20.5805,"16-SOIC (0.295"", 7.50mm Width)",,Discontinued at DigiKey,,https://www.digikey.com/en/products/detail/texas-instruments/MPY634KUG4/1511379,,Analog Multiplier,4-Quadrant,,MPY
