MPN,Manufacturer,Description,Subcategory,Stock,Unit Price,Package,Mounting Type,Status,Datasheet URL,Product URL,Configuration,Current - Supply,DigiKey Programmable,Features,Function,Interface,Memory Size,Memory Type,Number of Circuits,Number of Taps,Operating Temperature,Power (Watts),Programmable Type,Resistance (Ohms),Resistance - Wiper (Ohms) (Typ),Series,Taper,Temperature Coefficient (Typ),Tolerance,Voltage - Supply
82P2281PFG,Renesas Electronics Corporation,IC TELECOM INTERFACE 80TQFP,display-drivers,138,49.37,80-LQFP,Surface Mount,Active,https://www.renesas.com/us/en/document/dst/82p2281-datasheet,https://www.digikey.com/en/products/detail/renesas-electronics-corporation/82P2281PFG/2018375,,1.15A,,,,SPI,,,1,,-40°C ~ 85°C,,,,,,,,,3V ~ 3.6V
82P2282PFG,Renesas Electronics Corporation,IC TELECOM INTERFACE 100TQFP,display-drivers,95,65.5,100-LQFP,Surface Mount,Active,https://www.renesas.com/us/en/document/dst/82p2282-datasheet,https://www.digikey.com/en/products/detail/renesas-electronics-corporation/82P2282PFG/2018378,,,,,Transceiver,SPI,,,2,,-40°C ~ 85°C,,,,,,,,,3V ~ 3.6V
AD5227BUJZ10-RL7,Analog Devices Inc.,IC DIG POT 10K TSOT-23-8,video-ics,7954,1.92,"SOT-23-8 Thin, TSOT-23-8",Surface Mount,Active,https://www.analog.com/media/en/technical-documentation/data-sheets/AD5227.pdf,https://www.digikey.com/en/products/detail/analog-devices-inc/AD5227BUJZ10-RL7/750887,Potentiometer,,Not Verified,,,"Up/Down (U/D, CS)",,Volatile,1,64,-40°C ~ 105°C,,,10k,100,,Linear,35ppm/°C,±20%,2.7V ~ 5.5V
AD5228BUJZ10-RL7,Analog Devices Inc.,IC DIG POT 10K TSOT-23-8,video-ics,1280,1.77,"SOT-23-8 Thin, TSOT-23-8",Surface Mount,Active,https://www.analog.com/media/en/technical-documentation/data-sheets/AD5228.pdf,https://www.digikey.com/en/products/detail/analog-devices-inc/AD5228BUJZ10-RL7/750889,Potentiometer,,Not Verified,,,Pushbutton,,Volatile,1,32,-40°C ~ 105°C,,,10k,100,,Linear,35ppm/°C,±20%,2.7V ~ 5.5V
AT17C65-10CC,Microchip Technology,IC SRL CONFIG EEPROM 64K 8LAP,embedded-system-design-specific,0,3.34553,8-TDFN,Surface Mount,Obsolete,https://www.digikey.com//mm.digikey.com/Volume0/opasdata/d220001/medias/docus/2471/AT17C%28LV%2965%2C%20128%2C%20256.pdf,https://www.digikey.com/en/products/detail/microchip-technology/AT17C65-10CC/465247,,,Not Verified,,,,64kb,,,,0°C ~ 70°C,,Serial EEPROM,,,,,,,4.75V ~ 5.25V
AT17C65-10JC,Microchip Technology,IC SERIAL CONFIG PROM 64K 20PLCC,embedded-system-design-specific,0,3.74392,20-LCC (J-Lead),Surface Mount,Obsolete,https://www.digikey.com//mm.digikey.com/Volume0/opasdata/d220001/medias/docus/2471/AT17C%28LV%2965%2C%20128%2C%20256.pdf,https://www.digikey.com/en/products/detail/microchip-technology/AT17C65-10JC/354772,,,Not Verified,,,,64kb,,,,0°C ~ 70°C,,Serial EEPROM,,,,,,,4.75V ~ 5.25V
AT17C65-10NC,Microchip Technology,IC EEPROM FPGA 64KB 8-SOIC,embedded-system-design-specific,0,4.1413,"8-SOIC (0.154"", 3.90mm Width)",Surface Mount,Obsolete,https://www.digikey.com//mm.digikey.com/Volume0/opasdata/d220001/medias/docus/2471/AT17C%28LV%2965%2C%20128%2C%20256.pdf,https://www.digikey.com/en/products/detail/microchip-technology/AT17C65-10NC/383040,,,Not Verified,,,,64kb,,,,0°C ~ 70°C,,Serial EEPROM,,,,,,,4.75V ~ 5.25V
AT17C65-10PC,Microchip Technology,IC SERIAL CONFIG PROM 64K 8DIP,embedded-system-design-specific,0,3.15616,"8-DIP (0.300"", 7.62mm)",Through Hole,Obsolete,https://www.digikey.com//mm.digikey.com/Volume0/opasdata/d220001/medias/docus/2471/AT17C%28LV%2965%2C%20128%2C%20256.pdf,https://www.digikey.com/en/products/detail/microchip-technology/AT17C65-10PC/354773,,,Not Verified,,,,64kb,,,,0°C ~ 70°C,,Serial EEPROM,,,,,,,4.75V ~ 5.25V
AT17F040A-30JC,Atmel,"CONFIG MEMORY, 4MX1, SERIAL",embedded-system-design-specific,53,8.31,20-LCC (J-Lead),Surface Mount,Obsolete,https://rocelec.widen.net/view/pdf/dnwd18rezg/ATMLS06358-1.pdf?t.download=true&u=5oefqw,https://www.digikey.com/en/products/detail/rochester-electronics-llc/AT17F040A-30JC/11546064,,,Not Verified,,,,4Mb,,,,0°C ~ 70°C,,FLASH,,,,,,,2.97V ~ 3.63V
AT17F080A-30JU,Microchip Technology,IC FLASH CONFIG 8M 20PLCC,embedded-system-design-specific,44,17.54,20-LCC (J-Lead),Surface Mount,Obsolete,https://ww1.microchip.com/downloads/en/DeviceDoc/Atmel-2823-CNFG-AT17F040A-080A-Datasheet.pdf,https://www.digikey.com/en/products/detail/microchip-technology/AT17F080A-30JU/1008592,,,Not Verified,,,,8Mb,,,,-40°C ~ 85°C,,FLASH,,,,,,,2.97V ~ 3.63V
AT17F080A-30QC,Microchip Technology,IC FLASH CONFIG 8M 32TQFP,embedded-system-design-specific,127,18.15,32-TQFP,Surface Mount,Obsolete,https://ww1.microchip.com/downloads/en/DeviceDoc/Atmel-2823-CNFG-AT17F040A-080A-Datasheet.pdf,https://www.digikey.com/en/products/detail/microchip-technology/AT17F080A-30QC/660322,,,Not Verified,,,,8Mb,,,,0°C ~ 70°C,,FLASH,,,,,,,2.97V ~ 3.63V
AT17F16-30TQC,Microchip Technology,IC FLASH CONFIG 16M 44TQFP,embedded-system-design-specific,68,33.26,44-TQFP,Surface Mount,Obsolete,https://www.digikey.com//mm.digikey.com/Volume0/opasdata/d220001/medias/docus/392/AT17F16.pdf,https://www.digikey.com/en/products/detail/microchip-technology/AT17F16-30TQC/660330,,,Not Verified,,,,16Mb,,,,0°C ~ 70°C,,FLASH,,,,,,,2.97V ~ 3.63V
AT17LV002-10CU,Microchip Technology,IC SRL CONFIG EEPROM 2M 8-LAP,embedded-system-design-specific,166,22.87,8-TDFN,Surface Mount,Active,https://ww1.microchip.com/downloads/en/DeviceDoc/Atmel-2321-FPGA-AT17LV-Datasheet.pdf,https://www.digikey.com/en/products/detail/microchip-technology/AT17LV002-10CU/1008586,,,Not Verified,,,,2Mb,,,,-40°C ~ 85°C,,Serial EEPROM,,,,,,,"3V ~ 3.6V, 4.5V ~ 5.5V"
AT17LV002-10JC,Atmel,"CONFIG MEMORY, 2MX1, SERIAL",embedded-system-design-specific,86,21.61,20-LCC (J-Lead),Surface Mount,Obsolete,https://rocelec.widen.net/view/pdf/t0axmljgzf/ATMLS04722-1.pdf?t.download=true&u=5oefqw,https://www.digikey.com/en/products/detail/rochester-electronics-llc/AT17LV002-10JC/11542115,,,Not Verified,,,,2Mb,,,,0°C ~ 70°C,,Serial EEPROM,,,,,,,"3V ~ 3.6V, 4.75V ~ 5.25V"
AT17LV002-10JU,Microchip Technology,IC SRL CONFIG EEPROM 2M 20-PLCC,embedded-system-design-specific,37,22.87,20-LCC (J-Lead),Surface Mount,Active,https://ww1.microchip.com/downloads/en/DeviceDoc/Atmel-2321-FPGA-AT17LV-Datasheet.pdf,https://www.digikey.com/en/products/detail/microchip-technology/AT17LV002-10JU/1008531,,,Not Verified,,,,2Mb,,,,-40°C ~ 85°C,,Serial EEPROM,,,,,,,"3V ~ 3.6V, 4.5V ~ 5.5V"
AT17LV002-10SU,Microchip Technology,IC EEPROM SRL CONFG 2M LV 20SOIC,embedded-system-design-specific,465,25.16,"20-SOIC (0.295"", 7.50mm Width)",Surface Mount,Active,https://ww1.microchip.com/downloads/en/DeviceDoc/Atmel-2321-FPGA-AT17LV-Datasheet.pdf,https://www.digikey.com/en/products/detail/microchip-technology/AT17LV002-10SU/1008539,,,Not Verified,,,,2Mb,,,,-40°C ~ 85°C,,Serial EEPROM,,,,,,,"3V ~ 3.6V, 4.5V ~ 5.5V"
AT17LV002-10TQI,Microchip Technology,IC SRL CONFIG EEPROM 2M 44TQFP,embedded-system-design-specific,84,40.36,44-TQFP,Surface Mount,Active,https://www.digikey.com//mm.digikey.com/Volume0/opasdata/d220001/medias/docus/951/AT17C%28LV%29002.pdf,https://www.digikey.com/en/products/detail/microchip-technology/AT17LV002-10TQI/465213,,,Verified,,,,2Mb,,,,-40°C ~ 85°C,,Serial EEPROM,,,,,,,"3V ~ 3.6V, 4.5V ~ 5.5V"
AT17LV002A-10JU,Microchip Technology,IC SRL CONFIG EEPROM 2M 20-PLCC,embedded-system-design-specific,59,19.06,20-LCC (J-Lead),Surface Mount,Active,https://ww1.microchip.com/downloads/en/DeviceDoc/Atmel-2321-FPGA-AT17LV-Datasheet.pdf,https://www.digikey.com/en/products/detail/microchip-technology/AT17LV002A-10JU/1008528,,,Not Verified,,,,2Mb,,,,-40°C ~ 85°C,,Serial EEPROM,,,,,,,"3V ~ 3.6V, 4.5V ~ 5.5V"
AT17LV010-10CU,Microchip Technology,IC SRL CONFIG EEPROM 1M 8-LAP,embedded-system-design-specific,0,17.16,8-TDFN,Surface Mount,Active,https://ww1.microchip.com/downloads/en/DeviceDoc/Atmel-2321-FPGA-AT17LV-Datasheet.pdf,https://www.digikey.com/en/products/detail/microchip-technology/AT17LV010-10CU/1008527,,,Not Verified,,,,1Mb,,,,-40°C ~ 85°C,,Serial EEPROM,,,,,,,3V ~ 3.6V
AT17LV010-10JU,Microchip Technology,IC SRL CONFIG EEPROM 1M 20-PLCC,embedded-system-design-specific,70,17.16,20-LCC (J-Lead),Surface Mount,Active,https://ww1.microchip.com/downloads/en/DeviceDoc/Atmel-2321-FPGA-AT17LV-Datasheet.pdf,https://www.digikey.com/en/products/detail/microchip-technology/AT17LV010-10JU/1008588,,,Not Verified,,,,1Mb,,,,-40°C ~ 85°C,,Serial EEPROM,,,,,,,3V ~ 3.6V
AT17LV010-10PU,Microchip Technology,IC SRL CONFIG EEPROM 1M 8-DIP,embedded-system-design-specific,1126,17.16,"8-DIP (0.300"", 7.62mm)",Through Hole,Active,https://ww1.microchip.com/downloads/en/DeviceDoc/Atmel-2321-FPGA-AT17LV-Datasheet.pdf,https://www.digikey.com/en/products/detail/microchip-technology/AT17LV010-10PU/1008589,,,Verified,,,,1Mb,,,,-40°C ~ 85°C,,Serial EEPROM,,,,,,,3V ~ 3.6V
AT17LV010A-10JU,Microchip Technology,IC CONFIG SEEPROM 1M 3.3V 20PLCC,embedded-system-design-specific,356,15.25,20-LCC (J-Lead),Surface Mount,Active,https://ww1.microchip.com/downloads/en/DeviceDoc/Atmel-2321-FPGA-AT17LV-Datasheet.pdf,https://www.digikey.com/en/products/detail/microchip-technology/AT17LV010A-10JU/1008603,,,Not Verified,,,,1Mb,,,,-40°C ~ 85°C,,Serial EEPROM,,,,,,,"3V ~ 3.6V, 4.5V ~ 5.5V"
AT17LV010A-10PU,Microchip Technology,IC FPGA EEPROM 1M ALTERA 8DIP,embedded-system-design-specific,1386,11.43,"8-DIP (0.300"", 7.62mm)",Through Hole,Active,https://ww1.microchip.com/downloads/en/DeviceDoc/Atmel-2322-FPGA-AT17LV_A-Datasheet.pdf,https://www.digikey.com/en/products/detail/microchip-technology/AT17LV010A-10PU/1914158,,,Not Verified,,,,1Mb,,,,-40°C ~ 85°C,,Serial EEPROM,,,,,,,"3V ~ 3.6V, 4.5V ~ 5.5V"
AT17LV040-10TQU,Microchip Technology,IC CONFIG SEEPROM 4M 3.3V 44TQFP,embedded-system-design-specific,106,19.4,44-TQFP,Surface Mount,Active,https://ww1.microchip.com/downloads/en/DeviceDoc/Atmel-2321-FPGA-AT17LV-Datasheet.pdf,https://www.digikey.com/en/products/detail/microchip-technology/AT17LV040-10TQU/1008370,,,Not Verified,,,,4Mb,,,,-40°C ~ 85°C,,Serial EEPROM,,,,,,,"3V ~ 3.6V, 4.5V ~ 5.5V"
AT17LV128-10CI,Microchip Technology,IC SRL CONFIG EEPROM 128K 8-LAP,embedded-system-design-specific,142,9.54,8-TDFN,Surface Mount,Active,https://www.digikey.com//mm.digikey.com/Volume0/opasdata/d220001/medias/docus/967/AT17LV%2865%2C128%2C256%2C512%2C0xx%29_Rev2006.pdf,https://www.digikey.com/en/products/detail/microchip-technology/AT17LV128-10CI/465223,,,Not Verified,,,,128kb,,,,-40°C ~ 85°C,,Serial EEPROM,,,,,,,"3V ~ 3.6V, 4.5V ~ 5.5V"
AT17LV128-10NC,Atmel,"CONFIG MEMORY, 128KX1",embedded-system-design-specific,2389,10.73,"8-SOIC (0.154"", 3.90mm Width)",Surface Mount,Obsolete,https://rocelec.widen.net/view/pdf/t0axmljgzf/ATMLS04722-1.pdf?t.download=true&u=5oefqw,https://www.digikey.com/en/products/detail/rochester-electronics-llc/AT17LV128-10NC/11540940,,,Not Verified,,,,128kb,,,,0°C ~ 70°C,,Serial EEPROM,,,,,,,"3V ~ 3.6V, 4.75V ~ 5.25V"
AT17LV128-10SC,Atmel,"CONFIG MEMORY, 128KX1",embedded-system-design-specific,3172,10.73,"20-SOIC (0.295"", 7.50mm Width)",Surface Mount,Obsolete,https://rocelec.widen.net/view/pdf/t0axmljgzf/ATMLS04722-1.pdf?t.download=true&u=5oefqw,https://www.digikey.com/en/products/detail/rochester-electronics-llc/AT17LV128-10SC/11541492,,,Not Verified,,,,128kb,,,,0°C ~ 70°C,,Serial EEPROM,,,,,,,"3V ~ 3.6V, 4.75V ~ 5.25V"
AT17LV128-10SI,Atmel,"CONFIG MEMORY, 128KX1",embedded-system-design-specific,1345,13.18,"20-SOIC (0.295"", 7.50mm Width)",Surface Mount,Obsolete,https://rocelec.widen.net/view/pdf/t0axmljgzf/ATMLS04722-1.pdf?t.download=true&u=5oefqw,https://www.digikey.com/en/products/detail/rochester-electronics-llc/AT17LV128-10SI/11546018,,,Not Verified,,,,128kb,,,,-40°C ~ 85°C,,Serial EEPROM,,,,,,,"3V ~ 3.6V, 4.5V ~ 5.5V"
AT17LV256-10JI,Atmel,"CONFIG MEMORY, 256KX1",embedded-system-design-specific,961,9.6,20-LCC (J-Lead),Surface Mount,Obsolete,https://rocelec.widen.net/view/pdf/t0axmljgzf/ATMLS04722-1.pdf?t.download=true&u=5oefqw,https://www.digikey.com/en/products/detail/rochester-electronics-llc/AT17LV256-10JI/11540526,,,Not Verified,,,,256Kb,,,,-40°C ~ 85°C,,Serial EEPROM,,,,,,,"3V ~ 3.6V, 4.5V ~ 5.5V"
AT17LV256-10JU,Microchip Technology,IC SRL CONFG EEPROM 256K 20-PLCC,embedded-system-design-specific,6,10.67,20-LCC (J-Lead),Surface Mount,Active,https://ww1.microchip.com/downloads/en/DeviceDoc/Atmel-2321-FPGA-AT17LV-Datasheet.pdf,https://www.digikey.com/en/products/detail/microchip-technology/AT17LV256-10JU/1008606,,,Verified,,,,256Kb,,,,-40°C ~ 85°C,,Serial EEPROM,,,,,,,"3V ~ 3.6V, 4.5V ~ 5.5V"
AT17LV256-10NU,Microchip Technology,IC EEPROM FPGA 256KB 8-SOIC,embedded-system-design-specific,271,10.67,"8-SOIC (0.154"", 3.90mm Width)",Surface Mount,Active,https://ww1.microchip.com/downloads/en/DeviceDoc/Atmel-2321-FPGA-AT17LV-Datasheet.pdf,https://www.digikey.com/en/products/detail/microchip-technology/AT17LV256-10NU/1008488,,,Verified,,,,256Kb,,,,-40°C ~ 85°C,,Serial EEPROM,,,,,,,"3V ~ 3.6V, 4.5V ~ 5.5V"
AT17LV256-10PU,Microchip Technology,IC SRL CONFIG EEPROM 256K 8-DIP,embedded-system-design-specific,1113,10.67,"8-DIP (0.300"", 7.62mm)",Through Hole,Active,https://ww1.microchip.com/downloads/en/DeviceDoc/Atmel-2321-FPGA-AT17LV-Datasheet.pdf,https://www.digikey.com/en/products/detail/microchip-technology/AT17LV256-10PU/1008487,,,Verified,,,,256Kb,,,,-40°C ~ 85°C,,Serial EEPROM,,,,,,,"3V ~ 3.6V, 4.5V ~ 5.5V"
AT17LV256-10SU,Microchip Technology,IC SRL CONFG EEPROM 256K 20SOIC,embedded-system-design-specific,80,13.83,"20-SOIC (0.295"", 7.50mm Width)",Surface Mount,Active,https://ww1.microchip.com/downloads/en/DeviceDoc/Atmel-2321-FPGA-AT17LV-Datasheet.pdf,https://www.digikey.com/en/products/detail/microchip-technology/AT17LV256-10SU/1008483,,,Not Verified,,,,256Kb,,,,-40°C ~ 85°C,,Serial EEPROM,,,,,,,"3V ~ 3.6V, 4.5V ~ 5.5V"
AT17LV512-10CC,Microchip Technology,IC SRL CONFG EEPROM 512K LV 8LAP,embedded-system-design-specific,25,11.79,8-TDFN,Surface Mount,Active,https://www.digikey.com//mm.digikey.com/Volume0/opasdata/d220001/medias/docus/967/AT17LV%2865%2C128%2C256%2C512%2C0xx%29_Rev2006.pdf,https://www.digikey.com/en/products/detail/microchip-technology/AT17LV512-10CC/465256,,,Not Verified,,,,512kb,,,,0°C ~ 70°C,,Serial EEPROM,,,,,,,"3V ~ 3.6V, 4.75V ~ 5.25V"
AT17LV512-10CU,Microchip Technology,IC SRL CONFIG EEPROM 512K 8-LAP,embedded-system-design-specific,83,14.3,8-TDFN,Surface Mount,Active,https://ww1.microchip.com/downloads/en/DeviceDoc/Atmel-2321-FPGA-AT17LV-Datasheet.pdf,https://www.digikey.com/en/products/detail/microchip-technology/AT17LV512-10CU/1769522,,,Not Verified,,,,512kb,,,,-40°C ~ 85°C,,Serial EEPROM,,,,,,,"3V ~ 3.6V, 4.5V ~ 5.5V"
AT17LV512-10JU,Microchip Technology,IC SRL CONFG EEPROM 512K 20-PLCC,embedded-system-design-specific,48,14.3,20-LCC (J-Lead),Surface Mount,Active,https://ww1.microchip.com/downloads/en/DeviceDoc/Atmel-2321-FPGA-AT17LV-Datasheet.pdf,https://www.digikey.com/en/products/detail/microchip-technology/AT17LV512-10JU/1008492,,,Verified,,,,512kb,,,,-40°C ~ 85°C,,Serial EEPROM,,,,,,,"3V ~ 3.6V, 4.5V ~ 5.5V"
AT17LV512-10SI,Microchip Technology,IC CONFIG SEEPROM 512K 20SOIC,embedded-system-design-specific,23,16.26,"20-SOIC (0.295"", 7.50mm Width)",Surface Mount,Active,https://www.digikey.com//mm.digikey.com/Volume0/opasdata/d220001/medias/docus/916/AT17LVzzz.pdf,https://www.digikey.com/en/products/detail/microchip-technology/AT17LV512-10SI/523429,,,Not Verified,,,,512kb,,,,-40°C ~ 85°C,,Serial EEPROM,,,,,,,"3V ~ 3.6V, 4.5V ~ 5.5V"
AT17LV512A-10JC,Atmel,"CONFIG MEMORY, 512KX1, SERIAL",embedded-system-design-specific,447,5.81,20-LCC (J-Lead),Surface Mount,Obsolete,https://rocelec.widen.net/view/pdf/j3vipofsn9/ATMLS03641-1.pdf?t.download=true&u=5oefqw,https://www.digikey.com/en/products/detail/rochester-electronics-llc/AT17LV512A-10JC/11538967,,,Not Verified,,,,512kb,,,,0°C ~ 70°C,,Serial EEPROM,,,,,,,"3V ~ 3.6V, 4.75V ~ 5.25V"
AT17LV512A-10JU,Microchip Technology,IC CONFIG SEEPROM 512K 20PLCC,embedded-system-design-specific,178,7.15,20-LCC (J-Lead),Surface Mount,Active,https://ww1.microchip.com/downloads/en/DeviceDoc/Atmel-2321-FPGA-AT17LV-Datasheet.pdf,https://www.digikey.com/en/products/detail/microchip-technology/AT17LV512A-10JU/1008498,,,Verified,,,,512kb,,,,-40°C ~ 85°C,,Serial EEPROM,,,,,,,"3V ~ 3.6V, 4.5V ~ 5.5V"
AT17LV512A-10PC,Atmel,"CONFIG MEMORY, 512KX1, SERIAL",embedded-system-design-specific,292,5.81,"8-DIP (0.300"", 7.62mm)",Through Hole,Obsolete,https://rocelec.widen.net/view/pdf/j3vipofsn9/ATMLS03641-1.pdf?t.download=true&u=5oefqw,https://www.digikey.com/en/products/detail/rochester-electronics-llc/AT17LV512A-10PC/11543238,,,Not Verified,,,,512kb,,,,0°C ~ 70°C,,Serial EEPROM,,,,,,,"3V ~ 3.6V, 4.75V ~ 5.25V"
AT17LV512A-10PU,Microchip Technology,IC FPGA EEPROM 512K ALTERA 8DIP,embedded-system-design-specific,1158,7.15,"8-DIP (0.300"", 7.62mm)",Through Hole,Active,https://ww1.microchip.com/downloads/en/DeviceDoc/Atmel-2321-FPGA-AT17LV-Datasheet.pdf,https://www.digikey.com/en/products/detail/microchip-technology/AT17LV512A-10PU/1914159,,,Verified,,,,512kb,,,,-40°C ~ 85°C,,Serial EEPROM,,,,,,,"3V ~ 3.6V, 4.5V ~ 5.5V"
AT17LV65-10CC,Microchip Technology,IC SRL CONFIG EEPROM 64K LV 8LAP,embedded-system-design-specific,113,4.87,8-TDFN,Surface Mount,Active,https://www.digikey.com//mm.digikey.com/Volume0/opasdata/d220001/medias/docus/967/AT17LV%2865%2C128%2C256%2C512%2C0xx%29_Rev2006.pdf,https://www.digikey.com/en/products/detail/microchip-technology/AT17LV65-10CC/465258,,,Not Verified,,,,64kb,,,,0°C ~ 70°C,,Serial EEPROM,,,,,,,"3V ~ 3.6V, 4.75V ~ 5.25V"
AT17LV65-10CI,Microchip Technology,IC SRL CONFIG EEPROM 64K 8-LAP,embedded-system-design-specific,106,6.07,8-TDFN,Surface Mount,Active,https://www.digikey.com//mm.digikey.com/Volume0/opasdata/d220001/medias/docus/967/AT17LV%2865%2C128%2C256%2C512%2C0xx%29_Rev2006.pdf,https://www.digikey.com/en/products/detail/microchip-technology/AT17LV65-10CI/465229,,,Not Verified,,,,64kb,,,,-40°C ~ 85°C,,Serial EEPROM,,,,,,,"3V ~ 3.6V, 4.5V ~ 5.5V"
AT17LV65-10JI,Atmel,"CONFIG MEMORY, 64KX1, SERIAL",embedded-system-design-specific,2161,5.14,20-LCC (J-Lead),Surface Mount,Obsolete,https://rocelec.widen.net/view/pdf/t0axmljgzf/ATMLS04722-1.pdf?t.download=true&u=5oefqw,https://www.digikey.com/en/products/detail/rochester-electronics-llc/AT17LV65-10JI/11538557,,,Not Verified,,,,64kb,,,,-40°C ~ 85°C,,Serial EEPROM,,,,,,,"3V ~ 3.6V, 4.5V ~ 5.5V"
AT17LV65-10SI,Microchip Technology,IC SRL CONFIG EEPROM 64K 20SOIC,embedded-system-design-specific,35,6.72,"20-SOIC (0.295"", 7.50mm Width)",Surface Mount,Active,https://www.digikey.com//mm.digikey.com/Volume0/opasdata/d220001/medias/docus/916/AT17LVzzz.pdf,https://www.digikey.com/en/products/detail/microchip-technology/AT17LV65-10SI/397953,,,Not Verified,,,,64kb,,,,-40°C ~ 85°C,,Serial EEPROM,,,,,,,"3V ~ 3.6V, 4.5V ~ 5.5V"
AT17LV65A-10JC,Microchip Technology,IC SRL CONFIG EEPROM 64K 20-PLCC,embedded-system-design-specific,0,3.93525,20-LCC (J-Lead),Surface Mount,Obsolete,https://www.digikey.com//mm.digikey.com/Volume0/opasdata/d220001/medias/docus/1128/AT17LVzzzA.pdf,https://www.digikey.com/en/products/detail/microchip-technology/AT17LV65A-10JC/482795,,,Not Verified,,,,64kb,,,,0°C ~ 70°C,,Serial EEPROM,,,,,,,"3V ~ 3.6V, 4.75V ~ 5.25V"
AT17N512-10PI,Atmel,"CONFIG MEMORY, 512KX1, SERIAL",embedded-system-design-specific,395,5.93,"8-DIP (0.300"", 7.62mm)",Through Hole,Obsolete,https://rocelec.widen.net/view/pdf/yap3nyqefa/ATMLS03695-1.pdf?t.download=true&u=5oefqw,https://www.digikey.com/en/products/detail/rochester-electronics-llc/AT17N512-10PI/11538949,,,Not Verified,,,,512kb,,,,-40°C ~ 85°C,,Serial EEPROM,,,,,,,3V ~ 3.6V
CAT5171TBI-50GT3,onsemi,IC DIG POT 50K SOT-23-8,video-ics,24130,0.87,SOT-23-8,Surface Mount,Active,,https://www.digikey.com/en/products/detail/onsemi/CAT5171TBI-50GT3/2401168,Potentiometer,,Not Verified,Selectable Address,,I2C,,Volatile,1,256,-40°C ~ 85°C,,,50k,50,,Linear,±100ppm/°C,±20%,2.7V ~ 5.5V
CMX618Q3,CML Micro,IC TELECOM INTERFACE 48VQFN,display-drivers,1788,15.98,48-VFQFN Exposed Pad,Surface Mount,Active,https://www.cmlmicro.com/wp-content/uploads/2017/06/CMX608-data-sheet.pdf,https://www.digikey.com/en/products/detail/cml-micro/CMX618Q3/9989930,,17.5mA,,,RALCWI Vocoders,C-Bus,,,1,,-40°C ~ 85°C,1.75 W,,,,,,,,3V ~ 3.6V
CMX683E4,CML Micro,IC TELECOM INTERFACE 16TSSOP,display-drivers,163,7.94,"16-TSSOP (0.173"", 4.40mm Width)",Surface Mount,Active,https://www.cmlmicro.com/wp-content/uploads/2017/06/CMX683_ds.pdf,https://www.digikey.com/en/products/detail/cml-micro/CMX683E4/9989944,,1.5mA,,,Tone Detector,Parallel,,,1,,-40°C ~ 85°C,300 mW,,,,,,,,2.7V ~ 5.5V
CMX7261L9-TR1K,CML Micro,IC TELECOM INTERFACE 64LQFP,display-drivers,1046,18.12,64-LQFP,Surface Mount,Active,https://www.cmlmicro.com/wp-content/uploads/2017/06/CMX7261ProductPreview.pdf,https://www.digikey.com/en/products/detail/cml-micro/CMX7261L9-TR1K/13543478,,670µA,,,Transcoder,C-Bus,,,1,,-40°C ~ 85°C,1.69 W,,,,,,,,3V ~ 3.6V
CPC5712U,IXYS Integrated Circuits Division,IC TELECOM INTERFACE 16SOP,display-drivers,480,3.08,"16-SSOP (0.154"", 3.90mm Width)",Surface Mount,Active,https://www.littelfuse.com/assetdocs/littelfuse-integrated-circuits-cpc5712-datasheet?assetguid=91539ba9-45d3-4bd9-a930-bfcc550262d9,https://www.digikey.com/en/products/detail/ixys-integrated-circuits-division/CPC5712U/1843980,,1.72mA,,,Phone Line Monitor with Detectors (PLMD),,,,1,,-40°C ~ 85°C,50 mW,,,,,,,,3V ~ 5.5V
CPC7514Z,IXYS Integrated Circuits Division,IC TELECOM INTERFACE 20SOIC,display-drivers,4025,18.6,"20-SOIC (0.295"", 7.50mm Width)",Surface Mount,Active,https://www.littelfuse.com/assetdocs/littelfuse-tvs-diode-array-aqw05c-01ftg-datasheet?assetguid=80ae0bbb-a157-46a1-97eb-84c82c82e9e5,https://www.digikey.com/en/products/detail/ixys-integrated-circuits-division/CPC7514Z/2769214,,4.5mA,,,Line Card Access Switch,,,,2,,-40°C ~ 110°C,,,,,,,,,3V ~ 3.6V
DS21348T+,Analog Devices Inc./Maxim Integrated,IC TELECOM INTERFACE 44TQFP,display-drivers,270,31.46,44-TQFP,Surface Mount,Active,https://www.analog.com/media/en/technical-documentation/data-sheets/ds21348-ds21q348.pdf,https://www.digikey.com/en/products/detail/analog-devices-inc-maxim-integrated/DS21348T/1017719,,66mA,,,Line Interface Unit (LIU),,,,1,,0°C ~ 70°C,,,,,,,,,3.135V ~ 3.465V
DS21348TN+,Analog Devices Inc./Maxim Integrated,IC TELECOM INTERFACE 44TQFP,display-drivers,495,35.53,44-TQFP,Surface Mount,Active,https://www.analog.com/media/en/technical-documentation/data-sheets/ds21348-ds21q348.pdf,https://www.digikey.com/en/products/detail/analog-devices-inc-maxim-integrated/DS21348TN/1017720,,66mA,,,Line Interface Unit (LIU),,,,1,,-40°C ~ 85°C,,,,,,,,,3.135V ~ 3.465V
DS21352LN+,Analog Devices Inc./Maxim Integrated,IC TELECOM INTERFACE 100LQFP,display-drivers,165,71.01,100-LQFP,Surface Mount,Active,https://www.analog.com/media/en/technical-documentation/data-sheets/ds21352-ds21552.pdf,https://www.digikey.com/en/products/detail/analog-devices-inc-maxim-integrated/DS21352LN/1084495,,75mA,,,Single-Chip Transceiver,"HDLC, T1",,,1,,-40°C ~ 85°C,,,,,,,,,3.14V ~ 3.47V
DS2148T+,Analog Devices Inc./Maxim Integrated,IC TELECOM INTERFACE 44TQFP,display-drivers,127,31.26,44-TQFP,Surface Mount,Active,https://www.analog.com/media/en/technical-documentation/data-sheets/ds2148-ds21q48.pdf,https://www.digikey.com/en/products/detail/analog-devices-inc-maxim-integrated/DS2148T/1017713,,95mA,,,Line Interface Unit (LIU),LIU,,,1,,0°C ~ 70°C,,,,,,,,,4.75V ~ 5.25V
DS3680D,Texas Instruments,IC TELECOM INTERFACE 14SOIC,display-drivers,211,1.42,"14-SOIC (0.154"", 3.90mm Width)",Surface Mount,Active,,https://www.digikey.com/en/products/detail/texas-instruments/DS3680D/379750,,,,,,,,,4,,0°C ~ 70°C,,,,,,,,,
EPC1064LI20,Altera,"CONFIG MEMORY, 64KX1, SERIAL",embedded-system-design-specific,334,7.46,20-LCC (J-Lead),Surface Mount,Obsolete,https://rocelec.widen.net/view/pdf/hy4tfebg5z/ALTES00250-1.pdf?t.download=true&u=5oefqw,https://www.digikey.com/en/products/detail/rochester-electronics-llc/EPC1064LI20/11513575,,,Not Verified,,,,65kb,,,,-40°C ~ 85°C,,OTP,,,EPC,,,,4.5V ~ 5.5V
EPC1064TC32,Altera,"CONFIG MEMORY, 64KX1, SERIAL",embedded-system-design-specific,1386,2.71,32-TQFP,Surface Mount,Active,https://rocelec.widen.net/view/pdf/hy4tfebg5z/ALTES00250-1.pdf?t.download=true&u=5oefqw,https://www.digikey.com/en/products/detail/rochester-electronics-llc/EPC1064TC32/12110038,,,Not Verified,,,,65kb,,,,0°C ~ 70°C (TA),,OTP,,,EPC,,,,4.75V ~ 5.25V
EPC1064VLC20,Altera,"CONFIG MEMORY, 64KX1, SERIAL",embedded-system-design-specific,392,2.48,20-LCC (J-Lead),Surface Mount,Active,https://rocelec.widen.net/view/pdf/4bgrbmz5aj/ALTES00443-1.pdf?t.download=true&u=5oefqw,https://www.digikey.com/en/products/detail/rochester-electronics-llc/EPC1064VLC20/12111684,,,Not Verified,,,,64kb,,,,0°C ~ 70°C (TA),,OTP,,,EPC,,,,3V ~ 3.6V
EPC1064VPC8,Altera,"CONFIG MEMORY, 64KX1, SERIAL",embedded-system-design-specific,612,5.16,"8-DIP (0.300"", 7.62mm)",Through Hole,Active,https://rocelec.widen.net/view/pdf/4bgrbmz5aj/ALTES00443-1.pdf?t.download=true&u=5oefqw,https://www.digikey.com/en/products/detail/rochester-electronics-llc/EPC1064VPC8/12110571,,,Not Verified,,,,65kb,,,,0°C ~ 70°C (TA),,OTP,,,EPC,,,,3V ~ 3.6V
EPC1064VTC32,Altera,"CONFIG MEMORY, 64KX1, SERIAL",embedded-system-design-specific,528,3.45,32-TQFP,Surface Mount,Active,https://rocelec.widen.net/view/pdf/4bgrbmz5aj/ALTES00443-1.pdf?t.download=true&u=5oefqw,https://www.digikey.com/en/products/detail/rochester-electronics-llc/EPC1064VTC32/12112880,,,Not Verified,,,,64kb,,,,0°C ~ 70°C (TA),,OTP,,,EPC,,,,3V ~ 3.6V
EPC1213PI8,Altera,"CONFIGURATION MEMORY, 212942X1,",embedded-system-design-specific,32,12.5,"8-DIP (0.300"", 7.62mm)",Through Hole,Active,https://www.digikey.com//mm.digikey.com/Volume0/opasdata/d220001/medias/docus/2478/Enhanced%20Configuration%20%28EPC%29%20Devices%20Datasheet.pdf,https://www.digikey.com/en/products/detail/flip-electronics/EPC1213PI8/14684009,,,Not Verified,,,,212kb,,,,-40°C ~ 85°C,,OTP,,,EPC,,,,4.5V ~ 5.5V
EPC1LI20,Altera,IC CONFIG DEVICE 1MBIT 20PLCC,embedded-system-design-specific,0,44.45,20-LCC (J-Lead),Surface Mount,Obsolete,https://www.digikey.com//mm.digikey.com/Volume0/opasdata/d220001/medias/docus/2478/Enhanced%20Configuration%20%28EPC%29%20Devices%20Datasheet.pdf,https://www.digikey.com/en/products/detail/altera/EPC1LI20/703937,,,Not Verified,,,,1Mb,,,,-40°C ~ 85°C,,OTP,,,EPC,,,,"3V ~ 3.6V, 4.5V ~ 5.5V"
EPCQ128ASI16N,Altera,IC CONFIG DEVICE 128MBIT 16SOIC,embedded-system-design-specific,0,56.38,"16-SOIC (0.295"", 7.50mm Width)",Surface Mount,Active,https://www.digikey.com//mm.digikey.com/Volume0/opasdata/d220001/medias/docus/2615/EPCQ-A_Serial_Configuration_Device.pdf,https://www.digikey.com/en/products/detail/altera/EPCQ128ASI16N/7325230,,,Verified,,,,128Mb,,,,-40°C ~ 85°C,,In System Programmable,,,EPCQ-A,,,,2.7V ~ 3.6V
EPCQ16ASI8N,Altera,IC CONFIG DEVICE 16MBIT 8SOIC,embedded-system-design-specific,8636,13.15,"8-SOIC (0.154"", 3.90mm Width)",Surface Mount,Active,https://www.digikey.com//mm.digikey.com/Volume0/opasdata/d220001/medias/docus/2615/EPCQ-A_Serial_Configuration_Device.pdf,https://www.digikey.com/en/products/detail/altera/EPCQ16ASI8N/7325231,,,Verified,,,,16Mb,,,,-40°C ~ 85°C,,In System Programmable,,,EPCQ-A,,,,2.7V ~ 3.6V
EPCQ32ASI8N,Altera,IC CONFIG DEVICE 32MBIT 8SOIC,embedded-system-design-specific,0,19.95,"8-SOIC (0.154"", 3.90mm Width)",Surface Mount,Active,https://www.digikey.com//mm.digikey.com/Volume0/opasdata/d220001/medias/docus/2615/EPCQ-A_Serial_Configuration_Device.pdf,https://www.digikey.com/en/products/detail/altera/EPCQ32ASI8N/7325232,,,Not Verified,,,,32Mb,,,,-40°C ~ 85°C,,In System Programmable,,,EPCQ-A,,,,2.7V ~ 3.6V
EPCQ4ASI8N,Altera,IC CONFIG DEVICE 4MBIT 8SOIC,embedded-system-design-specific,3233,11.27,"8-SOIC (0.154"", 3.90mm Width)",Surface Mount,Active,https://www.digikey.com//mm.digikey.com/Volume0/opasdata/d220001/medias/docus/2615/EPCQ-A_Serial_Configuration_Device.pdf,https://www.digikey.com/en/products/detail/altera/EPCQ4ASI8N/7325233,,,Verified,,,,4Mb,,,,-40°C ~ 85°C,,In System Programmable,,,EPCQ-A,,,,2.7V ~ 3.6V
EPCQ64ASI16N,Altera,IC CONFIG DEVICE 64MBIT 16SOIC,embedded-system-design-specific,58,32.65,"16-SOIC (0.295"", 7.50mm Width)",Surface Mount,Active,https://www.digikey.com//mm.digikey.com/Volume0/opasdata/d220001/medias/docus/2615/EPCQ-A_Serial_Configuration_Device.pdf,https://www.digikey.com/en/products/detail/altera/EPCQ64ASI16N/7325234,,,Not Verified,,,,64Mb,,,,-40°C ~ 85°C,,In System Programmable,,,EPCQ-A,,,,2.7V ~ 3.6V
EPCS1SI8N,Altera,IC CONFIG DEVICE 1MBIT 8SOIC,embedded-system-design-specific,0,4.02,"8-SOIC (0.154"", 3.90mm Width)",Surface Mount,Obsolete,https://www.intel.com/content/dam/support/us/en/programmable/support-resources/bulk-container/pdfs/literature/hb/cfg/cyc-c51014.pdf,https://www.digikey.com/en/products/detail/altera/EPCS1SI8N/703949,,,Verified,,,,1Mb,,,,-40°C ~ 85°C,,In System Programmable,,,EPCS,,,,2.7V ~ 3.6V
EPCV4SI8N,Altera,IC CONFIG DEVICE,embedded-system-design-specific,645885,16.55,"8-SOIC (0.154"", 3.90mm Width)",Surface Mount,Obsolete,,https://www.digikey.com/en/products/detail/rochester-electronics-llc/EPCV4SI8N/12617198,,,Not Verified,,,,4MB,,,,-40°C ~ 85°C,,In System Programmable,,,EPCV,,,,2.7V ~ 3.6V
GPY212C0VC,"MaxLinear, Inc.",TRANSVR IC GPY212C0VC VQFN56 SLN,display-drivers,2420,7.0,56-VFQFN Exposed Pad,Surface Mount,Active,,https://www.digikey.com/en/products/detail/maxlinear-inc/GPY212C0VC/21356380,,705mA,,,Ethernet,"PHY, Serial, SGMII, SPI",,,1,,0°C ~ 70°C,,,,,,,,,"0.97V ~ 1.03V, 3.13V ~ 3.46V"
GPY241B0BC,"MaxLinear, Inc.",GPY241B0BC,display-drivers,1004,18.23,236-BGA,Surface Mount,Active,https://www.digikey.com//mm.digikey.com/Volume0/opasdata/d220001/medias/docus/7183/GPY241.pdf,https://www.digikey.com/en/products/detail/maxlinear-inc/GPY241B0BC/16893791,,,,,Ethernet,,,,4,,,,,,,,,,,"1.8V, 3.3V"
GPY245B0BI,"MaxLinear, Inc.",ETHERNET PHY,display-drivers,1618,25.17,260-VFBGA,Surface Mount,Active,https://www.digikey.com//mm.digikey.com/Volume0/opasdata/d220001/medias/docus/7183/GPY245B0BI.pdf,https://www.digikey.com/en/products/detail/maxlinear-inc/GPY245B0BI/21676560,,,,,Ethernet,SGMII,,,4,,-40°C ~ 85°C,,,,,,,,,"1.8V, 3.3V"
HMC748LC3C,Analog Devices Inc.,IC SELECTOR 2:1 14GBPS,display-drivers,494,200.9,16-LFCQFN Exposed Pad,Surface Mount,Active,https://www.analog.com/media/en/technical-documentation/data-sheets/hmc748.pdf,https://www.digikey.com/en/products/detail/analog-devices-inc/HMC748LC3C/5170164,,76mA,,,Differential Selector,Serial,,,,,-40°C ~ 85°C,250 mW,,,,,,,,3V ~ 3.6V
IAA110P,IXYS Integrated Circuits Division,IC TELECOM INTERFACE 16SOIC,display-drivers,19,9.36,"16-SOIC (0.295"", 7.50mm Width)",Surface Mount,Active,https://www.digikey.com//mm.digikey.com/Volume0/opasdata/d220001/medias/docus/6621/IAA110P.pdf,https://www.digikey.com/en/products/detail/ixys-integrated-circuits-division/IAA110P/655015,,50mA,,,Multifunction Telecom Switch,,,,2,,-40°C ~ 85°C,1 W,,,,,,,,1.2V
IAA110PTR,IXYS Integrated Circuits Division,IC TELECOM INTERFACE 16SOIC,display-drivers,2523,8.95,"16-SOIC (0.295"", 7.50mm Width)",Surface Mount,Active,https://www.digikey.com//mm.digikey.com/Volume0/opasdata/d220001/medias/docus/6621/IAA110P.pdf,https://www.digikey.com/en/products/detail/ixys-integrated-circuits-division/IAA110PTR/655147,,50mA,,,Multifunction Telecom Switch,,,,2,,-40°C ~ 85°C,1 W,,,,,,,,1.2V
ISL1557IRZ-T7,Renesas Electronics Corporation,IC TELECOM INTERFACE 16QFN,display-drivers,5554,4.61,16-VQFN Exposed Pad,Surface Mount,Active,https://www.renesas.com/en-us/www/doc/datasheet/isl1557a.pdf,https://www.digikey.com/en/products/detail/renesas-electronics-corporation/ISL1557IRZ-T7/2551504,,6mA,,,Line Interface Unit (LIU),,,,2,,-45°C ~ 85°C,,,,,,,,,"±2.25V ~ 6V, 4.5V ~ 12V"
KSZ8863RLL-TR,Microchip Technology,3-PORT 10/100 SWITCH W/ 1X RMII,display-drivers,970,5.93,48-LQFP,Surface Mount,Active,https://ww1.microchip.com/downloads/aemDocuments/documents/UNG/ProductDocuments/DataSheets/KSZ8863MLL-FLL-RLL-Data-Sheet-00002335C.pdf,https://www.digikey.com/en/products/detail/microchip-technology/KSZ8863RLL-TR/19916678,,114mA,,,Switch,"I2C, RMII, SPI",,,2,,0°C ~ 70°C,,,,,,,,,3.135V ~ 3.465V
LE792388TVCT,Microchip Technology,IC TELECOM INTERFACE 176LQFP,display-drivers,562,23.62,176-LQFP,Surface Mount,Active,https://www.digikey.com//mm.digikey.com/Volume0/opasdata/d220001/medias/docus/695/LE792388_Web.pdf,https://www.digikey.com/en/products/detail/microchip-technology/LE792388TVCT/4308332,,,,,,2-Wire,,,1,,,,,,,,,,,
LE87271EQCT,Microchip Technology,XDSL CPE LINE DRIVER,display-drivers,3648,1.9,20-VFQFN Exposed Pad,Surface Mount,Active,https://www.digikey.com//mm.digikey.com/Volume0/opasdata/d220001/medias/docus/6592/MicrosemiLe87271xDSLCPELineDriverDatasheetRev30P.pdf,https://www.digikey.com/en/products/detail/microchip-technology/LE87271EQCT/11193865,,26.1mA,,,Line Driver,,,,1,,-40°C ~ 125°C,1.37 W,,,,,,,,12.6V ~ 15.4V
LE9540CUQC,Microchip Technology,IC TELECOM INTERFACE 40QFN,display-drivers,2450,3.25,-,Surface Mount,Active,https://www.microchip.com/content/dam/mchp/documents/APID/ProductDocuments/DataSheets/00003645A.pdf,https://www.digikey.com/en/products/detail/microchip-technology/LE9540CUQC/4310813,,,,,Subscriber Line Interface Concept (SLIC),Serial,,,2,,,,,,,,,,,3.3V
LE9622RQCT,Microchip Technology,IC TELECOM INTERFACE 53QFN,display-drivers,2839,3.77,53-VFQFN Exposed Pad,Surface Mount,Active,https://www.digikey.com//mm.digikey.com/Volume0/opasdata/d220001/medias/docus/3944/LE9622.pdf,https://www.digikey.com/en/products/detail/microchip-technology/LE9622RQCT/8286203,,,,,Subscriber Line Interface Concept (SLIC),"PCM, SPI",,,1,,-40°C ~ 85°C,,,,,miSLIC™,,,,"1.8V, 2.5V, 3.3V"
LE9632RQCT,Microchip Technology,IC TELECOM INTERFACE 53QFN,display-drivers,3110,3.91,53-VFQFN Exposed Pad,Surface Mount,Active,https://www.digikey.com//mm.digikey.com/Volume0/opasdata/d220001/medias/docus/6592/111115932621.pdf,https://www.digikey.com/en/products/detail/microchip-technology/LE9632RQCT/8286204,,,,,Subscriber Line Interface Concept (SLIC),"PCM, SPI",,,1,,-40°C ~ 85°C,,,,,miSLIC™,,,,"1.8V, 2.5V, 3.3V"
LE9641PQC,Microchip Technology,IC TELECOM INTERFACE 48QFN,display-drivers,4883,2.27,48-VFQFN Exposed Pad,Surface Mount,Active,https://www.microchip.com/content/dam/mchp/documents/LCLD/ProductDocuments/DataSheets/Microsemi_Voice_Line_Circuits_Le9641_Data_sheet_V9_PD-248191(web).pdf,https://www.digikey.com/en/products/detail/microchip-technology/LE9641PQC/5325650,,25mA,,,Subscriber Line Interface Concept (SLIC),"PCM, SPI",,,1,,-40°C ~ 85°C,,,,,miSLIC™,,,,3.135V ~ 3.465V
LE9642PQC,Microchip Technology,IC TELECOM INTERFACE 48QFN,display-drivers,1191,3.43,48-VFQFN Exposed Pad,Surface Mount,Active,https://www.microchip.com/content/dam/mchp/documents/LCLD/ProductDocuments/DataSheets/Microsemi_Voice_Line_Circuits_Le9642_Data_Sheet_V8_PD-248193(web).pdf,https://www.digikey.com/en/products/detail/microchip-technology/LE9642PQC/5325652,,25mA,,,Subscriber Line Interface Concept (SLIC),4-Wire,,,2,,-40°C ~ 85°C,,,,,miSLIC™,,,,3.135V ~ 3.465V
LE9642PQCT,Microchip Technology,IC TELECOM INTERFACE 48QFN,display-drivers,2851,3.53,48-VFQFN Exposed Pad,Surface Mount,Active,https://www.microchip.com/content/dam/mchp/documents/LCLD/ProductDocuments/DataSheets/Microsemi_Voice_Line_Circuits_Le9642_Data_Sheet_V8_PD-248193(web).pdf,https://www.digikey.com/en/products/detail/microchip-technology/LE9642PQCT/5325653,,25mA,,,Subscriber Line Interface Concept (SLIC),4-Wire,,,2,,-40°C ~ 85°C,,,,,miSLIC™,,,,3.135V ~ 3.465V
LE9643AQCT,Microchip Technology,IC TELECOM INTERFACE 36QFN,display-drivers,2167,2.22,36-QFN,Surface Mount,Active,https://ww1.microchip.com/downloads/secure/aemDocuments/documents/APID/ProductDocuments/DataSheets/Le9643-Subscriber-Line-Interface-Circuit-DS00004100.pdf,https://www.digikey.com/en/products/detail/microchip-technology/LE9643AQCT/8286206,,,,,Subscriber Line Interface Circuit,"PCM, Serial, SPI",,,1,,-40°C ~ 85°C,,,,,,,,,95V
LE9651PQCT,Microchip Technology,IC TELECOM INTERFACE 48QFN,display-drivers,2950,2.61,48-VFQFN Exposed Pad,Surface Mount,Active,https://www.digikey.com//mm.digikey.com/Volume0/opasdata/d220001/medias/docus/7957/134340-le9651-product-brief.pdf,https://www.digikey.com/en/products/detail/microchip-technology/LE9651PQCT/5325655,,25mA,,,Subscriber Line Interface Concept (SLIC),4-Wire,,,1,,-40°C ~ 85°C,,,,,miSLIC™,,,,3.135V ~ 3.465V
LE9652PQCT,Microchip Technology,IC TELECOM INTERFACE 48QFN,display-drivers,2975,3.8,48-VFQFN Exposed Pad,Surface Mount,Active,,https://www.digikey.com/en/products/detail/microchip-technology/LE9652PQCT/5325657,,25mA,,,Subscriber Line Interface Concept (SLIC),4-Wire,,,2,,-40°C ~ 85°C,,,,,miSLIC™,,,,3.135V ~ 3.465V
LE9653AQCT,Microchip Technology,IC TELECOM INTERFACE 36QFN,display-drivers,2876,2.5,36-QFN,Surface Mount,Active,https://ww1.microchip.com/downloads/secure/aemDocuments/documents/APID/ProductDocuments/DataSheets/Le9653-Subscriber-Line-Interface-Circuit-miSLIC-Series-DS00004182.pdf,https://www.digikey.com/en/products/detail/microchip-technology/LE9653AQCT/7942165,,,,,Subscriber Line Interface Circuit,"PCM, Serial, SPI",,,1,,-40°C ~ 85°C,,,,,miSLIC™,,,,150V
LM567CM/NOPB,Texas Instruments,IC TELECOM INTERFACE 8SOIC,display-drivers,5488,3.44,"8-SOIC (0.154"", 3.90mm Width)",Surface Mount,Active,https://www.ti.com/lit/ds/symlink/lm567c.pdf,https://www.digikey.com/en/products/detail/texas-instruments/LM567CM-NOPB/212734,,12mA,,,Tone Decoder,,,,1,,0°C ~ 70°C,1.1 W,,,,,,,,4.75V ~ 9V
LM567CMX/NOPB,Texas Instruments,IC TELECOM INTERFACE 8SOIC,display-drivers,8359,2.92,"8-SOIC (0.154"", 3.90mm Width)",Surface Mount,Active,https://www.ti.com/lit/ds/symlink/lm567c.pdf?ts=1757909762806&ref_url=https%253A%252F%252Fwww.ti.com%252Fproduct%252FLM567C,https://www.digikey.com/en/products/detail/texas-instruments/LM567CMX-NOPB/334885,,12mA,,,Tone Decoder,,,,1,,0°C ~ 70°C,1.1 W,,,,,,,,4.75V ~ 9V
LM567CN/NOPB,Texas Instruments,IC TELECOM INTERFACE 8DIP,display-drivers,878,3.18,"8-DIP (0.300"", 7.62mm)",Through Hole,Active,https://rocelec.widen.net/view/pdf/buu7vnvsiz/NATLS12340-1.pdf?t.download=true&u=5oefqw,https://www.digikey.com/en/products/detail/texas-instruments/LM567CN-NOPB/6314,,12mA,,,Tone Decoder,,,,1,,0°C ~ 70°C,1.1 W,,,,,,,,4.75V ~ 9V
LMC567CMX/NOPB,Texas Instruments,IC TELECOM INTERFACE 8SOIC,display-drivers,5977,2.84,"8-SOIC (0.154"", 3.90mm Width)",Surface Mount,Active,https://rocelec.widen.net/view/pdf/kwharxywvg/snosby1c.pdf?t.download=true&u=5oefqw,https://www.digikey.com/en/products/detail/texas-instruments/LMC567CMX-NOPB/334873,,,,,Tone Decoder,,,,1,,-25°C ~ 100°C,500 mW,,,,LMCMOS™,,,,2V ~ 9V
MCP4013T-503E/CH,Microchip Technology,IC DIG POT 50K SOT-23-6,video-ics,13049,0.68,SOT-23-6,Surface Mount,Active,https://ww1.microchip.com/downloads/en/DeviceDoc/20001978D.pdf,https://www.digikey.com/en/products/detail/microchip-technology/MCP4013T-503E-CH/1015525,Potentiometer,,Not Verified,,,"Up/Down (U/D, CS)",,Volatile,1,64,-40°C ~ 125°C,,,50k,70,,Linear,150ppm/°C,±20%,1.8V ~ 5.5V
MCP4018T-104E/LTY,Microchip Technology,IC DIG POT 100K SC-70-6,video-ics,4113,0.68,"6-TSSOP, SC-88, SOT-363",Surface Mount,Active,https://ww1.microchip.com/downloads/aemDocuments/documents/MSLD/ProductDocuments/DataSheets/MCP4017-18-19-Data-Sheet-DS20002147.pdf,https://www.digikey.com/en/products/detail/microchip-technology/MCP4018T-104E-LTY/25620429,Potentiometer,,,,,I2C,,Volatile,1,128,-40°C ~ 125°C,,,100k,155,,Linear,150ppm/°C,±20%,1.8V ~ 5.5V
MCP4021T-202E/SN,Microchip Technology,IC DIG POT 2.1K 8-SOIC,video-ics,18033,1.03,"8-SOIC (0.154"", 3.90mm Width)",Surface Mount,Active,https://ww1.microchip.com/downloads/en/DeviceDoc/20001945F.pdf,https://www.digikey.com/en/products/detail/microchip-technology/MCP4021T-202E-SN/870251,Potentiometer,,Not Verified,,,"Up/Down (U/D, CS)",,Non-Volatile,1,64,-40°C ~ 125°C,,,2.1k,70,WiperLock™,Linear,150ppm/°C,±20%,2.7V ~ 5.5V
MCP4022T-503E/CH,Microchip Technology,IC DIG POT 50K SOT-23-6,video-ics,8560,1.04,SOT-23-6,Surface Mount,Active,https://ww1.microchip.com/downloads/en/DeviceDoc/20001945F.pdf,https://www.digikey.com/en/products/detail/microchip-technology/MCP4022T-503E-CH/857500,Rheostat,,Not Verified,,,"Up/Down (U/D, CS)",,Non-Volatile,1,64,-40°C ~ 125°C,,,50k,70,WiperLock™,Linear,150ppm/°C,±20%,2.7V ~ 5.5V
MCP41010-I/SN,Microchip Technology,IC DIG POT 10K 8-SOIC,video-ics,5354,1.89,"8-SOIC (0.154"", 3.90mm Width)",Surface Mount,Active,https://ww1.microchip.com/downloads/en/DeviceDoc/11195c.pdf,https://www.digikey.com/en/products/detail/microchip-technology/MCP41010-I-SN/362079,Potentiometer,,Not Verified,,,SPI,,Volatile,1,256,-40°C ~ 85°C,,,10k,73,,Linear,800ppm/°C,±20%,2.7V ~ 5.5V
MCP41010T-I/SN,Microchip Technology,IC DIG POT 10K 8-SOIC,video-ics,47661,1.89,"8-SOIC (0.154"", 3.90mm Width)",Surface Mount,Active,https://ww1.microchip.com/downloads/en/DeviceDoc/11195c.pdf,https://www.digikey.com/en/products/detail/microchip-technology/MCP41010T-I-SN/361532,Potentiometer,,Not Verified,,,SPI,,Volatile,1,256,-40°C ~ 85°C,,,10k,73,,Linear,800ppm/°C,±20%,2.7V ~ 5.5V
MCP41100T-I/SN,Microchip Technology,IC DIG POT 100K 8-SOIC,video-ics,5221,1.89,"8-SOIC (0.154"", 3.90mm Width)",Surface Mount,Active,https://ww1.microchip.com/downloads/en/DeviceDoc/11195c.pdf,https://www.digikey.com/en/products/detail/microchip-technology/MCP41100T-I-SN/361534,Potentiometer,,Not Verified,,,SPI,,Volatile,1,256,-40°C ~ 85°C,,,100k,175,,Linear,800ppm/°C,±30%,2.7V ~ 5.5V
MCP41HV51-104E/ST,Microchip Technology,IC DIG POT 100K 14-TSSOP,video-ics,2028,2.0,"14-TSSOP (0.173"", 4.40mm Width)",Surface Mount,Active,https://ww1.microchip.com/downloads/aemDocuments/documents/MSLD/ProductDocuments/DataSheets/MCP41HVX1-Data-Sheet-20005207.pdf,https://www.digikey.com/en/products/detail/microchip-technology/MCP41HV51-104E-ST/3872223,Potentiometer,,Not Verified,,,SPI,,Volatile,1,256,-40°C ~ 125°C,,,100k,145,,Linear,100ppm/°C,±20%,"1.8V ~ 5.5V, 10V ~ 36V, ±5V ~ 18V"
MCP41HV51-502E/ST,Microchip Technology,IC DIG POT 5K 14-TSSOP,video-ics,1838,2.0,"14-TSSOP (0.173"", 4.40mm Width)",Surface Mount,Active,https://ww1.microchip.com/downloads/aemDocuments/documents/MSLD/ProductDocuments/DataSheets/MCP41HVX1-Data-Sheet-20005207.pdf,https://www.digikey.com/en/products/detail/microchip-technology/MCP41HV51-502E-ST/3872225,Potentiometer,,Not Verified,,,SPI,,Volatile,1,256,-40°C ~ 125°C,,,5k,145,,Linear,100ppm/°C,±20%,"1.8V ~ 5.5V, 10V ~ 36V, ±5V ~ 18V"
MCP41HV51T-104E/ST,Microchip Technology,IC DIG POT 100K 14-TSSOP,video-ics,5867,2.0,"14-TSSOP (0.173"", 4.40mm Width)",Surface Mount,Active,https://ww1.microchip.com/downloads/aemDocuments/documents/MSLD/ProductDocuments/DataSheets/MCP41HVX1-Data-Sheet-20005207.pdf,https://www.digikey.com/en/products/detail/microchip-technology/MCP41HV51T-104E-ST/3872231,Potentiometer,,Not Verified,,,SPI,,Volatile,1,256,-40°C ~ 125°C,,,100k,145,,Linear,100ppm/°C,±20%,"1.8V ~ 5.5V, 10V ~ 36V, ±5V ~ 18V"
MCP41HV51T-503E/ST,Microchip Technology,IC DIG POT 50K 14-TSSOP,video-ics,4879,2.0,"14-TSSOP (0.173"", 4.40mm Width)",Surface Mount,Active,https://ww1.microchip.com/downloads/aemDocuments/documents/MSLD/ProductDocuments/DataSheets/MCP41HVX1-Data-Sheet-20005207.pdf,https://www.digikey.com/en/products/detail/microchip-technology/MCP41HV51T-503E-ST/3872235,Potentiometer,,Not Verified,,,SPI,,Volatile,1,256,-40°C ~ 125°C,,,50k,145,,Linear,100ppm/°C,±20%,"1.8V ~ 5.5V, 10V ~ 36V, ±5V ~ 18V"
MCP4531T-103E/MF,Microchip Technology,IC DIG POT 10K 8-DFN,video-ics,24594,0.84,8-VDFN Exposed Pad,Surface Mount,Active,https://ww1.microchip.com/downloads/en/DeviceDoc/22096b.pdf,https://www.digikey.com/en/products/detail/microchip-technology/MCP4531T-103E-MF/2059668,Potentiometer,,Not Verified,Selectable Address,,I2C,,Volatile,1,129,-40°C ~ 125°C,,,10k,75,,Linear,150ppm/°C,±20%,1.8V ~ 5.5V
MCP4561-502E/MS,Microchip Technology,IC DIG POT 5K 8-MSOP,video-ics,4942,0.81,"8-TSSOP, 8-MSOP (0.118"", 3.00mm Width)",Surface Mount,Active,https://ww1.microchip.com/downloads/en/DeviceDoc/22107B.pdf,https://www.digikey.com/en/products/detail/microchip-technology/MCP4561-502E-MS/2059913,Potentiometer,,Not Verified,"Mute, Selectable Address",,I2C,,Non-Volatile,1,257,-40°C ~ 125°C,,,5k,75,,Linear,150ppm/°C,±20%,1.8V ~ 5.5V
MCP45HV51-103E/ST,Microchip Technology,IC DIG POT 10K 14-TSSOP,video-ics,2725,2.0,"14-TSSOP (0.173"", 4.40mm Width)",Surface Mount,Active,https://ww1.microchip.com/downloads/aemDocuments/documents/MSLD/ProductDocuments/DataSheets/MCP45HVX1-Data-Sheet-DS20005304.pdf,https://www.digikey.com/en/products/detail/microchip-technology/MCP45HV51-103E-ST/4902597,Potentiometer,,Not Verified,"Mute, Selectable Address",,I2C,,Volatile,1,256,-40°C ~ 125°C,,,10k,145,,Linear,100ppm/°C,±20%,"1.8V ~ 5.5V, 10V ~ 36V, ±5V ~ 18V"
MCP45HV51-104E/ST,Microchip Technology,IC DIG POT 100K 14-TSSOP,video-ics,912,2.0,"14-TSSOP (0.173"", 4.40mm Width)",Surface Mount,Active,https://ww1.microchip.com/downloads/aemDocuments/documents/MSLD/ProductDocuments/DataSheets/MCP45HVX1-Data-Sheet-DS20005304.pdf,https://www.digikey.com/en/products/detail/microchip-technology/MCP45HV51-104E-ST/4902599,Potentiometer,,Not Verified,"Mute, Selectable Address",,I2C,,Volatile,1,256,-40°C ~ 125°C,,,100k,145,,Linear,100ppm/°C,±20%,"1.8V ~ 5.5V, 10V ~ 36V, ±5V ~ 18V"
MCP45HV51-502E/ST,Microchip Technology,IC DIG POT 5K 14-TSSOP,video-ics,3871,2.0,"14-TSSOP (0.173"", 4.40mm Width)",Surface Mount,Active,https://ww1.microchip.com/downloads/aemDocuments/documents/MSLD/ProductDocuments/DataSheets/MCP45HVX1-Data-Sheet-DS20005304.pdf,https://www.digikey.com/en/products/detail/microchip-technology/MCP45HV51-502E-ST/4902601,Potentiometer,,Not Verified,"Mute, Selectable Address",,I2C,,Volatile,1,256,-40°C ~ 125°C,,,5k,145,,Linear,100ppm/°C,±20%,"1.8V ~ 5.5V, 10V ~ 36V, ±5V ~ 18V"
MCP4651-502E/ST,Microchip Technology,IC DIG POT 5K 14-TSSOP,video-ics,5073,1.24,"14-TSSOP (0.173"", 4.40mm Width)",Surface Mount,Active,https://ww1.microchip.com/downloads/en/DeviceDoc/22096b.pdf,https://www.digikey.com/en/products/detail/microchip-technology/MCP4651-502E-ST/2059915,Potentiometer,,Not Verified,"Mute, Selectable Address",,I2C,,Volatile,2,257,-40°C ~ 125°C,,,5k,75,,Linear,150ppm/°C,±20%,1.8V ~ 5.5V
MCP4651T-104E/ML,Microchip Technology,IC DIG POT 100K 16-QFN,video-ics,6369,1.24,16-VQFN Exposed Pad,Surface Mount,Active,https://ww1.microchip.com/downloads/en/DeviceDoc/22096b.pdf,https://www.digikey.com/en/products/detail/microchip-technology/MCP4651T-104E-ML/2059717,Potentiometer,,Not Verified,"Mute, Selectable Address",,I2C,,Volatile,2,257,-40°C ~ 125°C,,,100k,75,,Linear,150ppm/°C,±20%,1.8V ~ 5.5V
MCP4651T-104E/ST,Microchip Technology,IC DIG POT 100K 14-TSSOP,video-ics,5245,1.24,"14-TSSOP (0.173"", 4.40mm Width)",Surface Mount,Active,https://ww1.microchip.com/downloads/en/DeviceDoc/22096b.pdf,https://www.digikey.com/en/products/detail/microchip-technology/MCP4651T-104E-ST/2061290,Potentiometer,,Not Verified,"Mute, Selectable Address",,I2C,,Volatile,2,257,-40°C ~ 125°C,,,100k,75,,Linear,150ppm/°C,±20%,1.8V ~ 5.5V
MCP4661T-103E/ML,Microchip Technology,IC DIG POT 10K 16-QFN,video-ics,5705,1.53,16-VQFN Exposed Pad,Surface Mount,Active,https://ww1.microchip.com/downloads/en/DeviceDoc/22107B.pdf,https://www.digikey.com/en/products/detail/microchip-technology/MCP4661T-103E-ML/2059724,Potentiometer,,Not Verified,"Mute, Selectable Address",,I2C,,Non-Volatile,2,257,-40°C ~ 125°C,,,10k,75,,Linear,150ppm/°C,±20%,1.8V ~ 5.5V
MCP4661T-104E/ST,Microchip Technology,IC DIG POT 100K 14-TSSOP,video-ics,4590,1.53,"14-TSSOP (0.173"", 4.40mm Width)",Surface Mount,Active,https://ww1.microchip.com/downloads/en/DeviceDoc/22107B.pdf,https://www.digikey.com/en/products/detail/microchip-technology/MCP4661T-104E-ST/2061304,Potentiometer,,Not Verified,"Mute, Selectable Address",,I2C,,Non-Volatile,2,257,-40°C ~ 125°C,,,100k,75,,Linear,150ppm/°C,±20%,1.8V ~ 5.5V
MPL360BT-I/SCB,Microchip Technology,IC TELECOM INTERFACE 48QFN,display-drivers,4245,11.66,48-VFQFN Exposed Pad,Surface Mount,Active,https://ww1.microchip.com/downloads/aemDocuments/documents/OTH/ProductDocuments/DataSheets/PL360-Data-Sheet-DS70005364C.pdf,https://www.digikey.com/en/products/detail/microchip-technology/MPL360BT-I-SCB/9554948,,,,,Power Line Communication Modem (PLC),SPI,,,1,,-40°C ~ 85°C,,,,,,,,,3V ~ 3.6V
SI3010-F-FS,Skyworks Solutions Inc.,IC TELECOM INTERFACE 16SOIC,display-drivers,128,5.4,"16-SOIC (0.154"", 3.90mm Width)",Surface Mount,Active,https://www.digikey.com//mm.digikey.com/Volume0/opasdata/d220001/medias/docus/2581/SI3056%2C18%2C19%2C10%20Rev8-16.pdf,https://www.digikey.com/en/products/detail/skyworks-solutions-inc/SI3010-F-FS/964150,,15mA,,,Direct Access Arrangement (DAA),"Parallel, SPI, UART",,,1,,0°C ~ 70°C,,,,,,,,,3V ~ 3.6V
SI3010-F-FSR,Skyworks Solutions Inc.,IC TELECOM INTERFACE 16SOIC,display-drivers,4617,6.59,"16-SOIC (0.154"", 3.90mm Width)",Surface Mount,Active,https://www.digikey.com//mm.digikey.com/Volume0/opasdata/d220001/medias/docus/2581/SI3056%2C18%2C19%2C10%20Rev8-16.pdf,https://www.digikey.com/en/products/detail/skyworks-solutions-inc/SI3010-F-FSR/4069183,,15mA,,,Direct Access Arrangement (DAA),"Parallel, SPI, UART",,,1,,0°C ~ 70°C,,,,,,,,,3V ~ 3.6V
SI3018-F-FS,Skyworks Solutions Inc.,IC TELECOM INTERFACE 16SOIC,display-drivers,132,6.59,"16-SOIC (0.154"", 3.90mm Width)",Surface Mount,Active,https://www.digikey.com//mm.digikey.com/Volume0/opasdata/d220001/medias/docus/2581/SI3056%2C18%2C19%2C10%20Rev8-16.pdf,https://www.digikey.com/en/products/detail/skyworks-solutions-inc/SI3018-F-FS/1059145,,8.5mA,,,Direct Access Arrangement (DAA),"Parallel, SPI, UART",,,1,,0°C ~ 70°C,,,,,,,,,3V ~ 3.6V
SI3018-F-FSR,Skyworks Solutions Inc.,IC TELECOM INTERFACE 16SOIC,display-drivers,5735,6.59,"16-SOIC (0.154"", 3.90mm Width)",Surface Mount,Active,https://www.digikey.com//mm.digikey.com/Volume0/opasdata/d220001/medias/docus/2581/SI3056%2C18%2C19%2C10%20Rev8-16.pdf,https://www.digikey.com/en/products/detail/skyworks-solutions-inc/SI3018-F-FSR/2344366,,8.5mA,,,Direct Access Arrangement (DAA),"Parallel, SPI, UART",,,1,,0°C ~ 70°C,,,,,,,,,3V ~ 3.6V
SI3018-F-GSR,Skyworks Solutions Inc.,IC TELECOM INTERFACE 16SOIC,display-drivers,3196,9.3,"16-SOIC (0.154"", 3.90mm Width)",Surface Mount,Last Time Buy,https://www.skyworksinc.com/-/media/Skyworks/SL/documents/public/data-sheets/si3056.pdf,https://www.digikey.com/en/products/detail/skyworks-solutions-inc/SI3018-F-GSR/4069188,,8.5mA,,,Direct Access Arrangement (DAA),"Parallel, SPI, UART",,,1,,-40°C ~ 85°C,,,,,,,,,3V ~ 3.6V
SI3019-F-FM,Skyworks Solutions Inc.,IC TELECOM INTERFACE 20QFN,display-drivers,3166,8.72,20-VFQFN Exposed Pad,Surface Mount,Active,https://www.skyworksinc.com/-/media/Skyworks/SL/documents/public/data-sheets/Si3050-11-18-19.pdf,https://www.digikey.com/en/products/detail/skyworks-solutions-inc/SI3019-F-FM/2686919,,8.5mA,,,Direct Access Arrangement (DAA),"GCI, PCM, SPI",,,1,,0°C ~ 70°C,,,,,,,,,3V ~ 3.6V
SI3019-F-FSR,Skyworks Solutions Inc.,IC TELECOM INTERFACE 16SOIC,display-drivers,6322,9.17,"16-SOIC (0.154"", 3.90mm Width)",Surface Mount,Active,https://www.skyworksinc.com:443/-/media/Skyworks/SL/documents/public/data-sheets/Si3050-11-18-19.pdf,https://www.digikey.com/en/products/detail/skyworks-solutions-inc/SI3019-F-FSR/4069190,,8.5mA,,,Direct Access Arrangement (DAA),"GCI, PCM, SPI",,,1,,0°C ~ 70°C,,,,,,,,,3V ~ 3.6V
SI3019-F-FT,Skyworks Solutions Inc.,IC TELECOM INTERFACE 16TSSOP,display-drivers,3592,9.47,"16-TSSOP (0.173"", 4.40mm Width)",Surface Mount,Active,https://www.skyworksinc.com:443/-/media/Skyworks/SL/documents/public/data-sheets/Si3050-11-18-19.pdf,https://www.digikey.com/en/products/detail/skyworks-solutions-inc/SI3019-F-FT/1131233,,8.5mA,,,Direct Access Arrangement (DAA),"GCI, PCM, SPI",,,1,,0°C ~ 70°C,,,,,,,,,3V ~ 3.6V
SI3019-F-FTR,Skyworks Solutions Inc.,IC TELECOM INTERFACE 16TSSOP,display-drivers,1275,9.47,"16-TSSOP (0.173"", 4.40mm Width)",Surface Mount,Active,https://www.skyworksinc.com:443/-/media/Skyworks/SL/documents/public/data-sheets/Si3050-11-18-19.pdf,https://www.digikey.com/en/products/detail/skyworks-solutions-inc/SI3019-F-FTR/7201374,,8.5mA,,,Direct Access Arrangement (DAA),"GCI, PCM, SPI",,,1,,0°C ~ 70°C,,,,,,,,,3V ~ 3.6V
SI3050-E1-FM,Skyworks Solutions Inc.,IC TELECOM INTERFACE 24QFN,display-drivers,1451,6.78,24-WFQFN Exposed Pad,Surface Mount,Active,https://www.skyworksinc.com/-/media/Skyworks/SL/documents/public/data-sheets/Si3050-11-18-19.pdf,https://www.digikey.com/en/products/detail/skyworks-solutions-inc/SI3050-E1-FM/3457970,,8.5mA,,,Direct Access Arrangement (DAA),"GCI, PCM, SPI",,,1,,0°C ~ 70°C,,,,,,,,,3V ~ 3.6V
SI3050-E1-FT,Skyworks Solutions Inc.,IC TELECOM INTERFACE 20TSSOP,display-drivers,1081,6.66,"20-TSSOP (0.173"", 4.40mm Width)",Surface Mount,Active,https://www.skyworksinc.com/-/media/Skyworks/SL/documents/public/data-sheets/Si3050-11-18-19.pdf,https://www.digikey.com/en/products/detail/skyworks-solutions-inc/SI3050-E1-FT/3457971,,8.5mA,,,Direct Access Arrangement (DAA),"GCI, PCM, SPI",,,1,,0°C ~ 70°C,,,,,,,,,3V ~ 3.6V
SI3056-D-FS,Skyworks Solutions Inc.,IC TELECOM INTERFACE 16SOIC,display-drivers,1411,5.25,"16-SOIC (0.154"", 3.90mm Width)",Surface Mount,Not For New Designs,https://www.skyworksinc.com/-/media/Skyworks/SL/documents/public/data-sheets/si3056.pdf,https://www.digikey.com/en/products/detail/skyworks-solutions-inc/SI3056-D-FS/1131234,,15mA,,,Direct Access Arrangement (DAA),"DSP, Serial",,,1,,0°C ~ 70°C,,,,,,,,,3V ~ 3.6V
SI3056-D-FSR,Skyworks Solutions Inc.,IC TELECOM INTERFACE 16SOIC,display-drivers,2985,5.25,"16-SOIC (0.154"", 3.90mm Width)",Surface Mount,Not For New Designs,https://www.skyworksinc.com/-/media/Skyworks/SL/documents/public/data-sheets/si3056.pdf,https://www.digikey.com/en/products/detail/skyworks-solutions-inc/SI3056-D-FSR/4069196,,15mA,,,Direct Access Arrangement (DAA),"DSP, Serial",,,1,,0°C ~ 70°C,,,,,,,,,3V ~ 3.6V
SI32171-C-FM1,Skyworks Solutions Inc.,IC TELECOM INTERFACE 42QFN,display-drivers,530,6.45,42-WFQFN Exposed Pad,Surface Mount,Active,https://www.skyworksinc.com/-/media/Skyworks/SL/documents/public/data-sheets/si3217x-c.pdf,https://www.digikey.com/en/products/detail/skyworks-solutions-inc/SI32171-C-FM1/4333594,,,,,"Subscriber Line Interface Concept (SLIC), CODEC","GCI, PCM, SPI",,,1,,0°C ~ 70°C,,,,,ProSLIC®,,,,3.3V
SI32174-C-FM1,Skyworks Solutions Inc.,IC TELECOM INTERFACE 42QFN,display-drivers,461,6.81,42-VFQFN Exposed Pad,Surface Mount,Active,https://www.skyworksinc.com/-/media/Skyworks/SL/documents/public/data-sheets/si3217x-c.pdf,https://www.digikey.com/en/products/detail/skyworks-solutions-inc/SI32174-C-FM1/4729040,,,,,"Subscriber Line Interface Concept (SLIC), CODEC","PCM, SPI",,,1,,0°C ~ 70°C,750 mW,,,,ProSLIC®,,,,3.13V ~ 3.47V
SI32174-C-FM1R,Skyworks Solutions Inc.,IC TELECOM INTERFACE 42QFN,display-drivers,7490,7.03,42-VFQFN Exposed Pad,Surface Mount,Active,https://www.skyworksinc.com/-/media/Skyworks/SL/documents/public/data-sheets/si3217x-c.pdf,https://www.digikey.com/en/products/detail/skyworks-solutions-inc/SI32174-C-FM1R/4729031,,,,,"Subscriber Line Interface Concept (SLIC), CODEC","PCM, SPI",,,1,,0°C ~ 70°C,750 mW,,,,ProSLIC®,,,,3.13V ~ 3.47V
SI32176-C-FM1R,Skyworks Solutions Inc.,IC TELECOM INTERFACE 42QFN,display-drivers,2392,5.09,42-WFQFN Exposed Pad,Surface Mount,Active,https://www.skyworksinc.com/-/media/Skyworks/SL/documents/public/data-sheets/si3217x-c.pdf,https://www.digikey.com/en/products/detail/skyworks-solutions-inc/SI32176-C-FM1R/4333610,,,,,"Subscriber Line Interface Concept (SLIC), CODEC","GCI, PCM, SPI",,,1,,0°C ~ 70°C,,,,,ProSLIC®,,,,3.3V
SI32178-B-FM1,Skyworks Solutions Inc.,IC TELECOM INTERFACE 42QFN,display-drivers,367,6.34,42-WFQFN Exposed Pad,Surface Mount,Active,https://www.digikey.com//mm.digikey.com/Volume0/opasdata/d220001/medias/docus/831/Si3217x_291x_Brief.pdf,https://www.digikey.com/en/products/detail/skyworks-solutions-inc/SI32178-B-FM1/4576665,,,,,"Subscriber Line Interface Concept (SLIC), CODEC","GCI, PCM, SPI",,,1,,,,,,,ProSLIC®,,,,3.3V
SI32178-B-FM1R,Skyworks Solutions Inc.,IC TELECOM INTERFACE 42QFN,display-drivers,3692,6.34,42-WFQFN Exposed Pad,Surface Mount,Active,https://www.digikey.com//mm.digikey.com/Volume0/opasdata/d220001/medias/docus/831/Si3217x_291x_Brief.pdf,https://www.digikey.com/en/products/detail/skyworks-solutions-inc/SI32178-B-FM1R/4576513,,,,,"Subscriber Line Interface Concept (SLIC), CODEC","GCI, PCM, SPI",,,1,,,,,,,ProSLIC®,,,,3.3V
SI32184-A-FM,Skyworks Solutions Inc.,IC TELECOM INTERFACE 40QFN,display-drivers,428,4.88,40-VFQFN Exposed Pad,Surface Mount,Active,https://www.skyworksinc.com/-/media/Skyworks/SL/documents/public/data-sheets/si3218x.pdf,https://www.digikey.com/en/products/detail/skyworks-solutions-inc/SI32184-A-FM/7201939,,,,,,3-Wire,,,1,,0°C ~ 70°C,,,,,ProSLIC®,,,,3.3V
SI32184-A-FMR,Skyworks Solutions Inc.,IC TELECOM INTERFACE 40QFN,display-drivers,2478,4.88,40-VFQFN Exposed Pad,Surface Mount,Active,https://www.skyworksinc.com/-/media/Skyworks/SL/documents/public/data-sheets/si3218x.pdf,https://www.digikey.com/en/products/detail/skyworks-solutions-inc/SI32184-A-FMR/7201380,,,,,,3-Wire,,,1,,0°C ~ 70°C,,,,,ProSLIC®,,,,3.3V
SI32184-A-GM,Skyworks Solutions Inc.,IC TELECOM INTERFACE 40QFN,display-drivers,195,5.74,40-VFQFN Exposed Pad,Surface Mount,Active,https://www.skyworksinc.com/-/media/Skyworks/SL/documents/public/data-sheets/si3218x.pdf,https://www.digikey.com/en/products/detail/skyworks-solutions-inc/SI32184-A-GM/7201940,,,,,,3-Wire,,,1,,-40°C ~ 85°C,,,,,ProSLIC®,,,,3.3V
SI32185-A-FM,Skyworks Solutions Inc.,IC TELECOM INTERFACE 40QFN,display-drivers,481,6.14,40-VFQFN Exposed Pad,Surface Mount,Active,https://www.skyworksinc.com/-/media/Skyworks/SL/documents/public/data-sheets/si3218x.pdf,https://www.digikey.com/en/products/detail/skyworks-solutions-inc/SI32185-A-FM/7201941,,,,,,3-Wire,,,1,,0°C ~ 70°C,,,,,ProSLIC®,,,,3.3V
SI32185-A-FMR,Skyworks Solutions Inc.,IC TELECOM INTERFACE 40QFN,display-drivers,4254,6.14,40-VFQFN Exposed Pad,Surface Mount,Active,https://www.skyworksinc.com/-/media/Skyworks/SL/documents/public/data-sheets/si3218x.pdf,https://www.digikey.com/en/products/detail/skyworks-solutions-inc/SI32185-A-FMR/7201382,,,,,,3-Wire,,,1,,0°C ~ 70°C,,,,,ProSLIC®,,,,3.3V
SI32185-A-GM,Skyworks Solutions Inc.,IC TELECOM INTERFACE 40QFN,display-drivers,1714,7.29,40-VFQFN Exposed Pad,Surface Mount,Active,https://www.skyworksinc.com/-/media/Skyworks/SL/documents/public/data-sheets/si3218x.pdf,https://www.digikey.com/en/products/detail/skyworks-solutions-inc/SI32185-A-GM/7201942,,,,,,3-Wire,,,1,,-40°C ~ 85°C,,,,,ProSLIC®,,,,3.3V
SI32192-A-FM1R,Skyworks Solutions Inc.,IC TELECOM INTERFACE 38QFN,display-drivers,1978,2.61,38-VFQFN Exposed Pad,Surface Mount,Active,https://www.skyworksinc.com/-/media/Skyworks/SL/documents/public/data-sheets/si3219x-datasheet.pdf,https://www.digikey.com/en/products/detail/skyworks-solutions-inc/SI32192-A-FM1R/7917130,,,,,"Subscriber Line Interface Concept (SLIC), CODEC",3-Wire,,,1,,0°C ~ 70°C,,,,,ProSLIC®,,,,3.3V
SI32280-A-FMR,Skyworks Solutions Inc.,IC TELECOM INTERFACE 48QFN,display-drivers,9723,6.83,48-VFQFN Exposed Pad,Surface Mount,Active,https://www.skyworksinc.com/-/media/Skyworks/SL/documents/public/data-shorts/Si3228x-short.pdf,https://www.digikey.com/en/products/detail/skyworks-solutions-inc/SI32280-A-FMR/7201384,,,,,,"3-Wire, PCM",,,2,,0°C ~ 70°C,,,,,ProSLIC®,,,,3.3V
SI32282-A-FMR,Skyworks Solutions Inc.,IC TELECOM INTERFACE 56QFN,display-drivers,3155,6.83,56-VFQFN Exposed Pad,Surface Mount,Active,https://www.skyworksinc.com/-/media/Skyworks/SL/documents/public/data-shorts/Si3228x-short.pdf,https://www.digikey.com/en/products/detail/skyworks-solutions-inc/SI32282-A-FMR/7201388,,,,,,"3-Wire, PCM",,,2,,0°C ~ 70°C,,,,,ProSLIC®,,,,3.3V
ST7580,STMicroelectronics,IC TELECOM INTERFACE 48VFQFPN,display-drivers,641,13.29,48-VFQFN Exposed Pad,Surface Mount,Active,https://www.st.com/content/ccc/resource/technical/document/datasheet/group3/01/73/ec/3c/d2/3e/48/8e/DM00045903/files/DM00045903.pdf/jcr:content/translations/en.DM00045903.pdf,https://www.digikey.com/en/products/detail/stmicroelectronics/ST7580/3087737,,500µA,,,Power Line Networking System-On-Chip,UART,,,1,,-40°C ~ 85°C,,,,,,,,,8V ~ 18V
ST8500TR,STMicroelectronics,IC TELECOM INTERFACE 56QFN,display-drivers,325,12.22,56-VFQFN Exposed Pad,Surface Mount,Active,https://www.st.com/content/ccc/resource/technical/document/datasheet/group3/f4/e8/32/3b/2d/e1/46/cc/DM00433764/files/DM00433764.pdf/jcr:content/translations/en.DM00433764.pdf,https://www.digikey.com/en/products/detail/stmicroelectronics/ST8500TR/9092188,,,,,Power Line Communication Modem (PLC),"I2C, SPI, UART/USART",,,1,,-40°C ~ 105°C,,,,,,,,,"2.3V ~ 2.75V, 3V ~ 3.6V"
THS6212IRHFR,Texas Instruments,IC TELECOM INTERFACE 24VQFN,display-drivers,5918,3.32,24-VFQFN Exposed Pad,Surface Mount,Active,,https://www.digikey.com/en/products/detail/texas-instruments/THS6212IRHFR/6572424,,21mA,,,Amplifier,,,,1,,-40°C ~ 85°C,,,,,,,,,10V ~ 28V
TPL0401A-10DCKR,Texas Instruments,IC DIG POT 10K SC-70-6,video-ics,10732,1.71,"6-TSSOP, SC-88, SOT-363",Surface Mount,Active,,https://www.digikey.com/en/products/detail/texas-instruments/TPL0401A-10DCKR/2762229,Potentiometer,,Not Verified,,,I2C,,Volatile,1,128,-40°C ~ 125°C,,,10k,35,,Linear,22ppm/°C,±20%,2.7V ~ 5.5V
TS117S,IXYS Integrated Circuits Division,IC TELECOM INTERFACE 8SMD,display-drivers,1466,6.15,"8-SMD, Gull Wing",Surface Mount,Active,https://www.littelfuse.com/assetdocs/littelfuse-integrated-circuits-ts117-datasheet?assetguid=34fff37b-50d7-4272-a3b0-8dd12c3d9c3b,https://www.digikey.com/en/products/detail/ixys-integrated-circuits-division/TS117S/655000,,,,,Relay Switch,,,,2,,-40°C ~ 85°C,800 mW,,,,,,,,
TS117STR,IXYS Integrated Circuits Division,IC TELECOM INTERFACE 8SMD,display-drivers,10850,5.93,"8-SMD, Gull Wing",Surface Mount,Active,https://www.digikey.com//mm.digikey.com/Volume0/opasdata/d220001/medias/docus/2407/ts117.pdf,https://www.digikey.com/en/products/detail/ixys-integrated-circuits-division/TS117STR/203129,,,,,Relay Switch,,,,2,,-40°C ~ 85°C,800 mW,,,,,,,,
VSC7421XJG-04,Microchip Technology,IC TELECOM INTERFACE 672HSBGA,display-drivers,33,69.32,672-BGA,Surface Mount,Active,https://ww1.microchip.com/downloads/aemDocuments/documents/UNG/ProductDocuments/DataSheets/VSC7420-02_SC7421-02_VSC7422-02_Data-Sheet_DS60001798.pdf,https://www.digikey.com/en/products/detail/microchip-technology/VSC7421XJG-04/9744583,,,,,Ethernet Switch,Serial,,,1,,,,,,,,,,,1V
VSC7422XJG-04,Microchip Technology,IC TELECOM INTERFACE 672HSBGA,display-drivers,230,86.64,672-BGA,Surface Mount,Active,https://ww1.microchip.com/downloads/aemDocuments/documents/UNG/ProductDocuments/DataSheets/VSC7420-02_SC7421-02_VSC7422-02_Data-Sheet_DS60001798.pdf,https://www.digikey.com/en/products/detail/microchip-technology/VSC7422XJG-04/9744585,,,,,Ethernet Switch,Serial,,,1,,,,,,,,,,,1V
VSC7428XJG-02,Microchip Technology,IC TELECOM INTERFACE 10PORT,display-drivers,194,98.23,672-BGA,Surface Mount,Active,https://ww1.microchip.com/downloads/aemDocuments/documents/OTH/ProductDocuments/DataSheets/VMDS-10394_VSC7428-02_VSC7429-02.pdf,https://www.digikey.com/en/products/detail/microchip-technology/VSC7428XJG-02/7622107,,,,,Ethernet Switch,Serial,,,11,,-40°C ~ 125°C,,,,,,,,,
VSC7429XJG-02,Microchip Technology,IC TELECOM INTERFACE 26PORT,display-drivers,98,146.79,672-BGA,Surface Mount,Active,https://ww1.microchip.com/downloads/aemDocuments/documents/OTH/ProductDocuments/DataSheets/VMDS-10394_VSC7428-02_VSC7429-02.pdf,https://www.digikey.com/en/products/detail/microchip-technology/VSC7429XJG-02/7622109,,,,,Ethernet Switch,Serial,,,26,,-40°C ~ 125°C,,,,,,,,,
VSC7440XMT,Microchip Technology,IC TELECOM INTERFACE 324BGA,display-drivers,148,67.31,324-BGA,Surface Mount,Active,https://ww1.microchip.com/downloads/en/DeviceDoc/VSC7440_VMDS-10492.pdf,https://www.digikey.com/en/products/detail/microchip-technology/VSC7440XMT/7622118,,,,,,,,,,,,,,,,,,,,
VSC7444YIH-02,Microchip Technology,IC TELECOM INTERFACE 672FCBGA,display-drivers,186,153.2,"672-BBGA, FCBGA",Surface Mount,Active,https://ww1.microchip.com/downloads/en/DeviceDoc/VMDS-10498_VSC7442-02_VSC7444-02_VSC7448-02_VSC7449-02.pdf,https://www.digikey.com/en/products/detail/microchip-technology/VSC7444YIH-02/6709380,,,,,Ethernet Switch,PCI,,,26,,-40°C ~ 110°C,,,,,SparX™-IV-44,,,,
VSC7448YIH-02,Microchip Technology,IC TELECOM INTERFACE 672FCBGA,display-drivers,184,175.28,"672-BBGA, FCBGA",Surface Mount,Active,https://ww1.microchip.com/downloads/en/DeviceDoc/VMDS-10498_VSC7442-02_VSC7444-02_VSC7448-02_VSC7449-02.pdf,https://www.digikey.com/en/products/detail/microchip-technology/VSC7448YIH-02/6709381,,,,,Ethernet Switch,PCI,,,52,,-40°C ~ 110°C,,,,,SparX™-IV-80,,,,
VSC7449YIH-02,Microchip Technology,IC TELECOM INTERFACE 672FCBGA,display-drivers,32,186.3,"672-BBGA, FCBGA",Surface Mount,Active,https://ww1.microchip.com/downloads/en/DeviceDoc/VMDS-10498_VSC7442-02_VSC7444-02_VSC7448-02_VSC7449-02.pdf,https://www.digikey.com/en/products/detail/microchip-technology/VSC7449YIH-02/6709382,,8.1A,,,Ethernet Switch,"JTAG, SerDes",,,1,,-40°C ~ 110°C,13.3 W,,,,SparX™-IV-90,,,,0.95V ~ 1.05V
VSC7511XMY,Microchip Technology,IC SWITCH ETHERNET 4PORT DRQFN,display-drivers,478,19.22,"172-QFN Dual Rows, Exposed Pad",Surface Mount,Active,https://ww1.microchip.com/downloads/en/DeviceDoc/VMDS-10488.pdf,https://www.digikey.com/en/products/detail/microchip-technology/VSC7511XMY/6128490,,,,,Ethernet Switch,"2-Wire Serial, JTAG, SPI, UART",,,4,,-40°C ~ 125°C,,,,,Ocelot™-4um,,,,1.2V
VSC7512XMY,Microchip Technology,IC SWITCH ETHERNET 10PORT DRQFN,display-drivers,1444,24.29,"172-QFN Dual Rows, Exposed Pad",Surface Mount,Active,https://ww1.microchip.com/downloads/en/DeviceDoc/VMDS-10489.pdf,https://www.digikey.com/en/products/detail/microchip-technology/VSC7512XMY/6128491,,,,,Ethernet Switch,,,,10,,-40°C ~ 125°C,,,,,Ocelot™-10um,,,,1.2V
VSC7558TSN-V/5CC,Microchip Technology,200G ENTERPRISE ETHERNET SWITCH,display-drivers,29,186.32,"888-BGA, FCBGA",Surface Mount,Active,https://ww1.microchip.com/downloads/en/DeviceDoc/00002854B.pdf,https://www.digikey.com/en/products/detail/microchip-technology/VSC7558TSN-V-5CC/13921837,,,,,Ethernet Switch,Ethernet,,,57,,,,,,,VeriTime™,,,,
VSC8254YMR-01,Microchip Technology,IC TELECOM INTERFACE 256FCBGA,display-drivers,51,103.15,"256-BBGA, FCBGA",Surface Mount,Active,,https://www.digikey.com/en/products/detail/microchip-technology/VSC8254YMR-01/9005070,,,,,Ethernet,SPI,,,2,,,,,,,,,,,"970mV, 1.2V"
VSC8486YSN-04,Microchip Technology,IC TELECOM INTERFACE 256FCBGA,display-drivers,54,80.94,"256-BBGA, FCBGA",Surface Mount,Active,https://ww1.microchip.com/downloads/en/DeviceDoc/VMDS-10298.pdf,https://www.digikey.com/en/products/detail/microchip-technology/VSC8486YSN-04/6131481,,,,,Transceiver,Serial,,,1,,,,,,,,,,,1.2V
VSC8489YJU-02,Microchip Technology,IC TELECOM INTERFACE 196FCBGA,display-drivers,58,58.81,"196-LBGA, FCBGA",Surface Mount,Active,,https://www.digikey.com/en/products/detail/microchip-technology/VSC8489YJU-02/9005074,,,,,Ethernet,SPI,,,2,,-40°C ~ 110°C,,,,,,,,,"1V, 1.2V"
VSC8502XML,Microchip Technology,IC TELECOM INTERFACE 135QFN,display-drivers,210,7.5,-,Surface Mount,Active,https://ww1.microchip.com/downloads/aemDocuments/documents/UNG/ProductDocuments/DataSheets/VSC8502-03_Datasheet_60001742B.pdf,https://www.digikey.com/en/products/detail/microchip-technology/VSC8502XML/6131484,,,,,Ethernet,Ethernet,,,1,,,,,,,,,,,3.3V
VSC8504XKS-05,Microchip Technology,IC TELECOM INTERFACE 256BGA,display-drivers,1980,38.0,256-BGA,Surface Mount,Active,https://ww1.microchip.com/downloads/aemDocuments/documents/UNG/ProductDocuments/DataSheets/60001810A.pdf,https://www.digikey.com/en/products/detail/microchip-technology/VSC8504XKS-05/8019735,,,,,Ethernet,,,,1,,-40°C ~ 125°C,,,,,,,,,1V
VSC8512XJG-02,Microchip Technology,IC TELECOM INTERFACE 672HSBGA,display-drivers,737,40.11,672-BGA,Surface Mount,Active,https://ww1.microchip.com/downloads/en/DeviceDoc/VMDS-10396.pdf,https://www.digikey.com/en/products/detail/microchip-technology/VSC8512XJG-02/6131488,,,,,Ethernet,,,,1,,,,,,,,,,,1V
VSC8514XMK-11,Microchip Technology,IC TELECOM INTERFACE 138QFN,display-drivers,143,8.01,138-VQFN Exposed Pad,Surface Mount,Active,https://ww1.microchip.com/downloads/en/DeviceDoc/VMDS-10446.pdf,https://www.digikey.com/en/products/detail/microchip-technology/VSC8514XMK-11/7622938,,,,,Ethernet,"JTAG, SerDes, Serial",,,4,,0°C ~ 125°C,,,,,,,,,"0.95V ~ 1.05V, 2.38V ~ 2.62V"
VSC8514XMK-14,Microchip Technology,IC TELECOM INTERFACE 138QFN,display-drivers,482,10.43,138-VQFN Exposed Pad,Surface Mount,Active,https://ww1.microchip.com/downloads/en/DeviceDoc/VMDS-10446.pdf,https://www.digikey.com/en/products/detail/microchip-technology/VSC8514XMK-14/7622939,,,,,Ethernet,"JTAG, SerDes, Serial",,,4,,0°C ~ 125°C,,,,,,,,,"0.95V ~ 1.05V, 2.38V ~ 2.62V"
VSC8530XMW-05,Microchip Technology,IC TELECOM INTERFACE 48QFN,display-drivers,688,2.12,48-VFQFN Exposed Pad,Surface Mount,Active,https://ww1.microchip.com/downloads/en/DeviceDoc/VMDS-10516.pdf,https://www.digikey.com/en/products/detail/microchip-technology/VSC8530XMW-05/9695043,,,,,Ethernet,RMII,,,1,,,,,,,,,,,
VSC8531XMW-02,Microchip Technology,IC TELECOM INTERFACE 48QFN,display-drivers,5301,2.81,48-VFQFN Exposed Pad,Surface Mount,Active,https://ww1.microchip.com/downloads/en/DeviceDoc/VMDS-10514.pdf,https://www.digikey.com/en/products/detail/microchip-technology/VSC8531XMW-02/9695044,,,,,Ethernet,RMII,,,1,,0°C ~ 125°C,,,,,,,,,
VSC8531XMW-05,Microchip Technology,IC TELECOM INTERFACE 48QFN,display-drivers,3968,3.63,48-VFQFN Exposed Pad,Surface Mount,Active,https://ww1.microchip.com/downloads/en/DeviceDoc/VMDS-10514.pdf,https://www.digikey.com/en/products/detail/microchip-technology/VSC8531XMW-05/9695045,,,,,Ethernet,RMII,,,1,,-40°C ~ 125°C,,,,,,,,,
VSC8552XKS-02,Microchip Technology,IC TELECOM INTERFACE 256BGA,display-drivers,213,18.03,256-BGA,Surface Mount,Active,https://ww1.microchip.com/downloads/en/DeviceDoc/VMDS-10508.pdf,https://www.digikey.com/en/products/detail/microchip-technology/VSC8552XKS-02/8019736,,,,,Ethernet,,,,1,,,,,,,,,,,1V
VSC8552XKS-05,Microchip Technology,IC TELECOM INTERFACE 256BGA,display-drivers,182,22.55,256-BGA,Surface Mount,Active,https://ww1.microchip.com/downloads/en/DeviceDoc/VMDS-10508.pdf,https://www.digikey.com/en/products/detail/microchip-technology/VSC8552XKS-05/8019737,,,,,Ethernet,,,,1,,,,,,,,,,,1V
VSC8572XKS-02,Microchip Technology,IC TELECOM INTERFACE 256BGA,display-drivers,522,39.69,256-BGA,Surface Mount,Active,https://ww1.microchip.com/downloads/en/DeviceDoc/VMDS-10509.pdf,https://www.digikey.com/en/products/detail/microchip-technology/VSC8572XKS-02/9005079,,,,,Ethernet,RMII,,,2,,,,,,,,,,,"1V, 2.5V"
VSC8574XKS-05,Microchip Technology,IC TELECOM INTERFACE 256BGA,display-drivers,207,89.29,256-BGA,Surface Mount,Active,https://ww1.microchip.com/downloads/en/DeviceDoc/VMDS-10510.pdf,https://www.digikey.com/en/products/detail/microchip-technology/VSC8574XKS-05/9005082,,,,,Ethernet,"GMII, SerDes, TBI",,,4,,,,,,,,,,,"1V, 2.5V"
VSC8575XKS-11,Microchip Technology,IC TELECOM INTERFACE 256BGA,display-drivers,130,85.73,256-BGA,Surface Mount,Active,https://ww1.microchip.com/downloads/en/DeviceDoc/VMDS-10457.pdf,https://www.digikey.com/en/products/detail/microchip-technology/VSC8575XKS-11/7622164,,,,,Ethernet,"2-Wire Serial, JTAG, SerDes, SPI",,,4,,0°C ~ 125°C,,,,,,,,,1V
VSC8584XKS-11,Microchip Technology,IC TELECOM INTERFACE 256BGA,display-drivers,90,90.9,256-BGA,Surface Mount,Active,https://ww1.microchip.com/downloads/en/DeviceDoc/VMDS-10455.pdf,https://www.digikey.com/en/products/detail/microchip-technology/VSC8584XKS-11/7622168,,,,,Ethernet,"GMII, SerDes, SPI, TBI",,,1,,,,,,,,,,,1V
VSC8584XKS-14,Microchip Technology,IC TELECOM INTERFACE 256BGA,display-drivers,589,113.63,256-BGA,Surface Mount,Active,https://ww1.microchip.com/downloads/en/DeviceDoc/VMDS-10455.pdf,https://www.digikey.com/en/products/detail/microchip-technology/VSC8584XKS-14/7622169,,,,,Ethernet,"GMII, SerDes, SPI, TBI",,,1,,,,,,,,,,,1V
XC1701PC20C,AMD,IC PROM SER C-TEMP 1K 20-PLCC,embedded-system-design-specific,0,27.48,20-LCC (J-Lead),Surface Mount,Obsolete,,https://www.digikey.com/en/products/detail/amd/XC1701PC20C/405999,,,Not Verified,,,,1Mb,,,,0°C ~ 70°C,,OTP,,,,,,,4.75V ~ 5.25V
XC1702LPC44C,AMD,"CONFIG MEMORY, 2MX1, SERIAL",embedded-system-design-specific,90,26.71,-,-,Active,https://rocelec.widen.net/view/pdf/wzv8uxt4qk/XILIS01058-1.pdf?t.download=true&u=5oefqw,https://www.digikey.com/en/products/detail/rochester-electronics-llc/XC1702LPC44C/12130288,,,Not Verified,,,,,,,,,,,,,*,,,,
XC1702LPC44I,AMD,"CONFIG MEMORY, 2MX1, SERIAL",embedded-system-design-specific,193,31.51,-,-,Active,https://rocelec.widen.net/view/pdf/wzv8uxt4qk/XILIS01058-1.pdf?t.download=true&u=5oefqw,https://www.digikey.com/en/products/detail/rochester-electronics-llc/XC1702LPC44I/12135990,,,Not Verified,,,,,,,,,,,,,*,,,,
XC1702LVQ44C,AMD,"CONFIG MEMORY, 2MX1, SERIAL",embedded-system-design-specific,33,26.71,-,-,Active,https://rocelec.widen.net/view/pdf/wzv8uxt4qk/XILIS01058-1.pdf?t.download=true&u=5oefqw,https://www.digikey.com/en/products/detail/rochester-electronics-llc/XC1702LVQ44C/12129738,,,Not Verified,,,,,,,,,,,,,*,,,,
XC1704LPC44I,AMD,"CONFIG MEMORY, 4MX1, SERIAL",embedded-system-design-specific,285,43.3,-,-,Active,https://rocelec.widen.net/view/pdf/wzv8uxt4qk/XILIS01058-1.pdf?t.download=true&u=5oefqw,https://www.digikey.com/en/products/detail/rochester-electronics-llc/XC1704LPC44I/12138379,,,Not Verified,,,,,,,,,,,,,*,,,,
XC17128ELVO8C,AMD,IC 3V SER CFG PROM 128K 8-SOIC,embedded-system-design-specific,0,8.58,"8-SOIC (0.154"", 3.90mm Width)",Surface Mount,Obsolete,,https://www.digikey.com/en/products/detail/amd/XC17128ELVO8C/274730,,,Not Verified,,,,128kb,,,,0°C ~ 70°C,,OTP,,,,,,,3V ~ 3.6V
XC17256ELPC20C,AMD,IC PROM SER C-TEMP 256K 20-PLCC,embedded-system-design-specific,0,12.06,20-LCC (J-Lead),Surface Mount,Obsolete,,https://www.digikey.com/en/products/detail/amd/XC17256ELPC20C/406011,,,Not Verified,,,,256Kb,,,,0°C ~ 70°C,,OTP,,,,,,,3V ~ 3.6V
XC17256ELVO8C,AMD,IC 3V SER CFG PROM 256K 8-SOIC,embedded-system-design-specific,0,12.34,"8-SOIC (0.154"", 3.90mm Width)",Surface Mount,Obsolete,,https://www.digikey.com/en/products/detail/amd/XC17256ELVO8C/274736,,,Not Verified,,,,256Kb,,,,0°C ~ 70°C,,OTP,,,,,,,3V ~ 3.6V
XC17256EPC20C,AMD,IC SERIAL CFG PROM 256K 20-PLCC,embedded-system-design-specific,0,18.9,20-LCC (J-Lead),Surface Mount,Obsolete,,https://www.digikey.com/en/products/detail/amd/XC17256EPC20C/274737,,,Not Verified,,,,256Kb,,,,0°C ~ 70°C,,OTP,,,,,,,4.75V ~ 5.25V
XC17256EPC20I,AMD,IC PROM SER I-TEMP 256K 20-PLCC,embedded-system-design-specific,0,22.31,20-LCC (J-Lead),Surface Mount,Obsolete,,https://www.digikey.com/en/products/detail/amd/XC17256EPC20I/406015,,,Not Verified,,,,256Kb,,,,-40°C ~ 85°C,,OTP,,,,,,,4.5V ~ 5.5V
XC1736EPC20C,AMD,IC PROM SER C-TEMP 36K 20-PLCC,embedded-system-design-specific,0,5.09,20-LCC (J-Lead),Surface Mount,Obsolete,,https://www.digikey.com/en/products/detail/amd/XC1736EPC20C/406018,,,Not Verified,,,,36kb,,,,0°C ~ 70°C,,OTP,,,,,,,4.75V ~ 5.25V
XC17512LSO20C,AMD,IC PROM SER C-TEMP 512K 20-SOIC,embedded-system-design-specific,0,14.01,"20-SOIC (0.295"", 7.50mm Width)",Surface Mount,Obsolete,,https://www.digikey.com/en/products/detail/amd/XC17512LSO20C/406027,,,Not Verified,,,,512kb,,,,0°C ~ 70°C,,OTP,,,,,,,3V ~ 3.6V
XC1765ELPC20C,AMD,IC PROM SER C-TEMP 3.3V 20-PLCC,embedded-system-design-specific,0,6.69,20-LCC (J-Lead),Surface Mount,Obsolete,,https://www.digikey.com/en/products/detail/amd/XC1765ELPC20C/406029,,,Not Verified,,,,65kb,,,,0°C ~ 70°C,,OTP,,,,,,,3V ~ 3.6V
XC1765ELSO8C,AMD,IC PROM SER C-TEMP 3.3V 8-SOIC,embedded-system-design-specific,0,6.69,"8-SOIC (0.154"", 3.90mm Width)",Surface Mount,Obsolete,,https://www.digikey.com/en/products/detail/amd/XC1765ELSO8C/406033,,,Not Verified,,,,65kb,,,,0°C ~ 70°C,,OTP,,,,,,,3V ~ 3.6V
XC1765ELSOG8C,AMD,IC PROM SERIAL 65K 8-SOIC,embedded-system-design-specific,0,6.69,"8-SOIC (0.154"", 3.90mm Width)",Surface Mount,Obsolete,,https://www.digikey.com/en/products/detail/amd/XC1765ELSOG8C/1956678,,,Not Verified,,,,65kb,,,,0°C ~ 70°C,,OTP,,,,,,,3V ~ 3.6V
XC1765ELVO8C,AMD,IC 3V SER CFG PROM 65K 8-SOIC,embedded-system-design-specific,0,6.69,"8-SOIC (0.154"", 3.90mm Width)",Surface Mount,Obsolete,,https://www.digikey.com/en/products/detail/amd/XC1765ELVO8C/274728,,,Not Verified,,,,65kb,,,,0°C ~ 70°C,,OTP,,,,,,,3V ~ 3.6V
XC1765ELVO8I,AMD,IC PROM SER I-TEMP 3.3V 8-SOIC,embedded-system-design-specific,0,7.88,"8-SOIC (0.154"", 3.90mm Width)",Surface Mount,Obsolete,,https://www.digikey.com/en/products/detail/amd/XC1765ELVO8I/406035,,,Not Verified,,,,65kb,,,,-40°C ~ 85°C,,OTP,,,,,,,3V ~ 3.6V
XC1765ELVOG8C,AMD,IC 3V SER CFG PROM 65K 8-SOIC,embedded-system-design-specific,0,6.69,"8-SOIC (0.154"", 3.90mm Width)",Surface Mount,Obsolete,,https://www.digikey.com/en/products/detail/amd/XC1765ELVOG8C/1006560,,,Not Verified,,,,65kb,,,,0°C ~ 70°C,,OTP,,,,,,,3V ~ 3.6V
XC1765EVO8I,AMD,IC PROM SER I-TEMP 3.3V 8-SOIC,embedded-system-design-specific,0,6.98,"8-SOIC (0.154"", 3.90mm Width)",Surface Mount,Obsolete,,https://www.digikey.com/en/products/detail/amd/XC1765EVO8I/406040,,,Not Verified,,,,65kb,,,,-40°C ~ 85°C,,OTP,,,,,,,4.5V ~ 5.5V
XC17S05PD8C,AMD,IC PROM PROG C-TEMP 3.3V 8-DIP,embedded-system-design-specific,0,2.41643,"8-DIP (0.300"", 7.62mm)",Through Hole,Obsolete,,https://www.digikey.com/en/products/detail/amd/XC17S05PD8C/406041,,,Not Verified,,,,50kb,,,,0°C ~ 70°C,,OTP,,,,,,,4.75V ~ 5.25V
XC17S05PD8I,AMD,IC PROM PROG I-TEMP 3.3V 8-DIP,embedded-system-design-specific,0,2.84056,"8-DIP (0.300"", 7.62mm)",Through Hole,Obsolete,,https://www.digikey.com/en/products/detail/amd/XC17S05PD8I/406042,,,Not Verified,,,,50kb,,,,-40°C ~ 85°C,,OTP,,,,,,,4.5V ~ 5.5V
XC17S05VO8C,AMD,IC PROM PROG 50K 8-SOIC,embedded-system-design-specific,0,3.87653,"8-SOIC (0.154"", 3.90mm Width)",Surface Mount,Obsolete,,https://www.digikey.com/en/products/detail/amd/XC17S05VO8C/406043,,,Not Verified,,,,50kb,,,,0°C ~ 70°C,,OTP,,,,,,,4.75V ~ 5.25V
XC17S05XLPD8C,AMD,IC PROM PROG C-TEMP 3.3V 8-DIP,embedded-system-design-specific,0,1.9847,"8-DIP (0.300"", 7.62mm)",Through Hole,Obsolete,,https://www.digikey.com/en/products/detail/amd/XC17S05XLPD8C/406045,,,Not Verified,,,,50kb,,,,0°C ~ 70°C,,OTP,,,,,,,3V ~ 3.6V
XC17S05XLVO8C,AMD,IC 3V PROM PROG 50K 8-SOIC,embedded-system-design-specific,0,3.34126,"8-SOIC (0.154"", 3.90mm Width)",Surface Mount,Obsolete,,https://www.digikey.com/en/products/detail/amd/XC17S05XLVO8C/406047,,,Not Verified,,,,50kb,,,,0°C ~ 70°C,,OTP,,,,,,,3V ~ 3.6V
XC17S05XLVO8I,AMD,IC 3V PROM PROG 50K 8-SOIC,embedded-system-design-specific,0,4.00842,"8-SOIC (0.154"", 3.90mm Width)",Surface Mount,Obsolete,,https://www.digikey.com/en/products/detail/amd/XC17S05XLVO8I/406048,,,Not Verified,,,,50kb,,,,-40°C ~ 85°C,,OTP,,,,,,,3V ~ 3.6V
XC17S10PD8C,AMD,IC PROM PROG C-TEMP 3.3V 8-DIP,embedded-system-design-specific,0,4.2013,"8-DIP (0.300"", 7.62mm)",Through Hole,Obsolete,,https://www.digikey.com/en/products/detail/amd/XC17S10PD8C/406055,,,Not Verified,,,,100kb,,,,0°C ~ 70°C,,OTP,,,,,,,4.75V ~ 5.25V
XC17S10XLPD8C,AMD,IC PROM PROG C-TEMP 3.3V 8-DIP,embedded-system-design-specific,0,3.23788,"8-DIP (0.300"", 7.62mm)",Through Hole,Obsolete,,https://www.digikey.com/en/products/detail/amd/XC17S10XLPD8C/406059,,,Not Verified,,,,100kb,,,,0°C ~ 70°C,,OTP,,,,,,,3V ~ 3.6V
XC17S10XLPD8I,AMD,IC PROM PROG I-TEMP 3.3V 8-DIP,embedded-system-design-specific,0,3.87245,"8-DIP (0.300"", 7.62mm)",Through Hole,Obsolete,,https://www.digikey.com/en/products/detail/amd/XC17S10XLPD8I/406060,,,Not Verified,,,,100kb,,,,-40°C ~ 85°C,,OTP,,,,,,,3V ~ 3.6V
XC17S10XLPDG8C,AMD,IC PROM PROG C-TEMP 3.3V 8-DIP,embedded-system-design-specific,0,3.23788,"8-DIP (0.300"", 7.62mm)",Through Hole,Obsolete,,https://www.digikey.com/en/products/detail/amd/XC17S10XLPDG8C/1879804,,,Not Verified,,,,100kb,,,,0°C ~ 70°C,,OTP,,,,,,,3V ~ 3.6V
XC17S10XLVOG8C,AMD,IC PROM SERIEAL 10K 8-SOIC,embedded-system-design-specific,0,3.73087,"8-SOIC (0.154"", 3.90mm Width)",Surface Mount,Obsolete,,https://www.digikey.com/en/products/detail/amd/XC17S10XLVOG8C/1956682,,,Not Verified,,,,100kb,,,,0°C ~ 70°C,,OTP,,,,,,,3V ~ 3.6V
XC17S150XLPD8C,AMD,"CONFIG MEMORY, 1M BITS, SERIAL",embedded-system-design-specific,297,25.16,-,-,Active,https://rocelec.widen.net/view/pdf/wzv8uxt4qk/XILIS01058-1.pdf?t.download=true&u=5oefqw,https://www.digikey.com/en/products/detail/rochester-electronics-llc/XC17S150XLPD8C/12129766,,,Not Verified,,,,,,,,,,,,,,,,,
XC17S150XLSO20C,AMD,"CONFIG MEMORY, 1M BITS, SERIAL",embedded-system-design-specific,550,25.16,-,-,Active,https://rocelec.widen.net/view/pdf/wzv8uxt4qk/XILIS01058-1.pdf?t.download=true&u=5oefqw,https://www.digikey.com/en/products/detail/rochester-electronics-llc/XC17S150XLSO20C/12130140,,,Not Verified,,,,,,,,,,,,,*,,,,
XC17S200AVQ44I,AMD,IC PROM SER 200000 I-TEMP 44VQFP,embedded-system-design-specific,0,4.59,44-TQFP,Surface Mount,Obsolete,,https://www.digikey.com/en/products/detail/amd/XC17S200AVQ44I/406080,,,Not Verified,,,,2Mb,,,,-40°C ~ 85°C,,OTP,,,,,,,3V ~ 3.6V
XC17S20XLPD8C,AMD,IC PROM PROG C-TEMP 3.3V 8-DIP,embedded-system-design-specific,0,4.0042,"8-DIP (0.300"", 7.62mm)",Through Hole,Obsolete,,https://www.digikey.com/en/products/detail/amd/XC17S20XLPD8C/406085,,,Not Verified,,,,200kb,,,,0°C ~ 70°C,,OTP,,,,,,,3V ~ 3.6V
XC17S20XLVOG8C,AMD,IC PROM SERIAL 3.3V 200K 8-SOIC,embedded-system-design-specific,0,4.0825,"8-SOIC (0.154"", 3.90mm Width)",Surface Mount,Obsolete,,https://www.digikey.com/en/products/detail/amd/XC17S20XLVOG8C/1956687,,,Not Verified,,,,200kb,,,,0°C ~ 70°C,,OTP,,,,,,,3V ~ 3.6V
XC17V01SO20I,AMD,IC PROM SER 1MBIT 3.3V 20-SOIC,embedded-system-design-specific,0,16.11,"20-SOIC (0.295"", 7.50mm Width)",Surface Mount,Obsolete,,https://www.digikey.com/en/products/detail/amd/XC17V01SO20I/406120,,,Not Verified,,,,1Mb,,,,-40°C ~ 85°C,,OTP,,,,,,,3V ~ 3.6V
XC17V02PC20C,AMD,IC PROM SER 2MBIT 3.3V 20-PLCC,embedded-system-design-specific,0,21.41,20-LCC (J-Lead),Surface Mount,Obsolete,,https://www.digikey.com/en/products/detail/amd/XC17V02PC20C/406123,,,Not Verified,,,,2Mb,,,,0°C ~ 70°C,,OTP,,,,,,,3V ~ 3.6V
XC17V02PC44C,AMD,IC PROM SER 2MBIT 3.3V 44-PLCC,embedded-system-design-specific,0,16.51346,44-LCC (J-Lead),Surface Mount,Obsolete,,https://www.digikey.com/en/products/detail/amd/XC17V02PC44C/406125,,,Not Verified,,,,2Mb,,,,0°C ~ 70°C,,OTP,,,,,,,3V ~ 3.6V
XC17V02VQ44C,AMD,IC PROM SER 2MBIT 3.3V 44-VQFP,embedded-system-design-specific,0,8.56,44-TQFP,Surface Mount,Obsolete,,https://www.digikey.com/en/products/detail/amd/XC17V02VQ44C/406127,,,Not Verified,,,,2Mb,,,,0°C ~ 70°C,,OTP,,,,,,,3V ~ 3.6V
XC17V08PC44C,AMD,IC PROM SER C-TEMP 3.3V 44-PLCC,embedded-system-design-specific,0,41.0,44-LCC (J-Lead),Surface Mount,Obsolete,,https://www.digikey.com/en/products/detail/amd/XC17V08PC44C/406135,,,Not Verified,,,,8Mb,,,,0°C ~ 70°C,,OTP,,,,,,,3V ~ 3.6V
XC18V01SOG20C,AMD,IC PROM SERIAL CONFIG 1M 20-SOIC,embedded-system-design-specific,11,79.8,"20-SOIC (0.295"", 7.50mm Width)",Surface Mount,Obsolete,,https://www.digikey.com/en/products/detail/amd/XC18V01SOG20C/1008029,,,Verified,,,,1Mb,,,,0°C ~ 70°C,,In System Programmable,,,,,,,3V ~ 3.6V
XCF16PVO48C0973,Xilinx,"CONFIG MEMORY, 16MX1, SERIAL",embedded-system-design-specific,24897,21.35,"48-TFSOP (0.724"", 18.40mm Width)",Surface Mount,Active,https://rocelec.widen.net/view/pdf/gdpgbfmgsy/XILIS00960-1.pdf?t.download=true&u=ovmfp3,https://www.digikey.com/en/products/detail/rochester-electronics-llc/XCF16PVO48C0973/12132384,,,Not Verified,,,,16Mb,,,,-40°C ~ 85°C (TA),,In System Programmable,,,,,,,1.65V ~ 2V
ZL50232QCG1,Microchip Technology,IC TELECOM INTERFACE 100LQFP,display-drivers,84,147.23,100-LQFP,Surface Mount,Active,https://www.waldom.com/productfiles/mf-mip/zarlink_zl50232_mar_06.pdf,https://www.digikey.com/en/products/detail/microchip-technology/ZL50232QCG1/4310020,,10mA,,,Echo Cancellation,,,,1,,-40°C ~ 85°C,,,,,,,,,1.6V ~ 2V
