MPN,Manufacturer,Description,Subcategory,Stock,Unit Price,Package,Mounting Type,Status,Datasheet URL,Product URL,Applications,"Current - Output High, Low",Grade,Logic Type,Number of Circuits,Number of Inputs,Operating Temperature,Output Type,Qualification,Schmitt Trigger Input,Series,Type,Voltage - Supply
"74AUP1G0832GM,115",Nexperia USA Inc.,IC AND/OR GATE 1-CIR 3-IN 6-XSON,interface-drivers-receivers-transceivers,5297,0.39,6-XFDFN,Surface Mount,Active,https://assets.nexperia.com/documents/data-sheet/74AUP1G0832.pdf,https://www.digikey.com/en/products/detail/nexperia-usa-inc/74AUP1G0832GM-115/1300721,,"4mA, 4mA",,AND/OR Gate,1,"3 Input (2, 1)",-40°C ~ 125°C,Single-Ended,,No,74AUP,,0.8V ~ 3.6V
"74AUP1G0832GW,125",Nexperia USA Inc.,IC AND/OR GATE 1-CIR 6-TSSOP,interface-drivers-receivers-transceivers,1494,0.44,"6-TSSOP, SC-88, SOT-363",Surface Mount,Active,https://assets.nexperia.com/documents/data-sheet/74AUP1G0832.pdf,https://www.digikey.com/en/products/detail/nexperia-usa-inc/74AUP1G0832GW-125/1300722,,"4mA, 4mA",,AND/OR Gate,1,"3 Input (2, 1)",-40°C ~ 125°C,Single-Ended,,No,74AUP,,0.8V ~ 3.6V
"74AUP1G3208GM,115",Nexperia USA Inc.,IC AND/OR GATE 1-CIR 3-IN 6-XSON,interface-drivers-receivers-transceivers,9268,0.43,6-XFDFN,Surface Mount,Active,https://assets.nexperia.com/documents/data-sheet/74AUP1G3208.pdf,https://www.digikey.com/en/products/detail/nexperia-usa-inc/74AUP1G3208GM-115/1229980,,"4mA, 4mA",,AND/OR Gate,1,"3 Input (2, 1)",-40°C ~ 125°C,Single-Ended,,No,74AUP,,0.8V ~ 3.6V
"74AUP1G58GW,125",Nexperia USA Inc.,IC MF CFG 1-CIR 3-IN 6-TSSOP,interface-drivers-receivers-transceivers,1950,0.19,"6-TSSOP, SC-88, SOT-363",Surface Mount,Active,https://assets.nexperia.com/documents/data-sheet/74AUP1G58.pdf,https://www.digikey.com/en/products/detail/nexperia-usa-inc/74AUP1G58GW-125/1022843,,"4mA, 4mA",,Configurable Multiple Function,1,3,-40°C ~ 125°C,Single-Ended,,No,74AUP,,0.8V ~ 3.6V
"74AUP1G97GM,115",Nexperia USA Inc.,IC MF CFG 1-CIR 3-IN 6-XSON,interface-drivers-receivers-transceivers,4730,0.23,6-XFDFN,Surface Mount,Active,https://assets.nexperia.com/documents/data-sheet/74AUP1G97.pdf,https://www.digikey.com/en/products/detail/nexperia-usa-inc/74AUP1G97GM-115/1300769,,"4mA, 4mA",,Configurable Multiple Function,1,3,-40°C ~ 125°C,Single-Ended,,Yes,74AUP,,0.8V ~ 3.6V
"74AUP1G97GM,132",Nexperia USA Inc.,IC MF CFG 1-CIR 3-IN 6-XSON,interface-drivers-receivers-transceivers,7250,0.23,6-XFDFN,Surface Mount,Active,https://assets.nexperia.com/documents/data-sheet/74AUP1G97.pdf,https://www.digikey.com/en/products/detail/nexperia-usa-inc/74AUP1G97GM-132/1300770,,"4mA, 4mA",,Configurable Multiple Function,1,3,-40°C ~ 125°C,Single-Ended,,Yes,74AUP,,0.8V ~ 3.6V
"74AUP1G97GW,125",Nexperia USA Inc.,IC MF CFG 1-CIR 3-IN 6-TSSOP,interface-drivers-receivers-transceivers,3222,0.29,"6-TSSOP, SC-88, SOT-363",Surface Mount,Active,https://assets.nexperia.com/documents/data-sheet/74AUP1G97.pdf,https://www.digikey.com/en/products/detail/nexperia-usa-inc/74AUP1G97GW-125/1300771,,"4mA, 4mA",,Configurable Multiple Function,1,3,-40°C ~ 125°C,Single-Ended,,Yes,74AUP,,0.8V ~ 3.6V
"74AUP1T58GW,125",Nexperia USA Inc.,IC TRANSLATOR UNIDIR 6TSSOP,interface-drivers-receivers-transceivers,5920,0.24,"6-TSSOP, SC-88, SOT-363",Surface Mount,Active,https://assets.nexperia.com/documents/data-sheet/74AUP1T58.pdf,https://www.digikey.com/en/products/detail/nexperia-usa-inc/74AUP1T58GW-125/1965992,,,,,1,,-40°C ~ 125°C,Single-Ended,,,74AUP,,
"74AUP1T97GM,115",Nexperia USA Inc.,IC TRANSLTR UNIDIRECTIONAL 6XSON,interface-drivers-receivers-transceivers,10000,0.3,6-XFDFN,Surface Mount,Active,https://assets.nexperia.com/documents/data-sheet/74AUP1T97.pdf,https://www.digikey.com/en/products/detail/nexperia-usa-inc/74AUP1T97GM-115/1965994,,,,,1,,-40°C ~ 125°C,Single-Ended,,,74AUP,,
74AUP1T97GW-Q100H,Nexperia USA Inc.,IC MF CFG 1-CIR 3-IN 6-TSSOP,interface-drivers-receivers-transceivers,5969,0.32,"6-TSSOP, SC-88, SOT-363",Surface Mount,Active,https://assets.nexperia.com/documents/data-sheet/74AUP1T97_Q100.pdf,https://www.digikey.com/en/products/detail/nexperia-usa-inc/74AUP1T97GW-Q100H/15778010,,"4mA, 4mA",Automotive,Configurable Multiple Function,1,3,-40°C ~ 125°C,Single-Ended,AEC-Q100,Yes,74AUP,,2.3V ~ 3.6V
74AUP2G3404FW3-7,Diodes Incorporated,IC BUF/INV 2-CIR 2-IN 6DFN,interface-drivers-receivers-transceivers,3347,0.18,6-XFDFN,Surface Mount,Active,https://www.diodes.com/assets/Datasheets/74AUP2G3404.pdf,https://www.digikey.com/en/products/detail/diodes-incorporated/74AUP2G3404FW3-7/4251611,,"4mA, 4mA",,Buffer/Inverter,2,"2 Input (1, 1)",-40°C ~ 125°C,Single-Ended,,No,74AUP,,0.8V ~ 3.6V
"74AUP2G3404GN,125",Nexperia USA Inc.,IC BUF/INV 2-CIR 2-IN 6XSON,interface-drivers-receivers-transceivers,9695,0.6,6-XFDFN,Surface Mount,Active,https://assets.nexperia.com/documents/data-sheet/74AUP2G3404.pdf,https://www.digikey.com/en/products/detail/nexperia-usa-inc/74AUP2G3404GN-125/4020680,,"4mA, 4mA",,Buffer/Inverter,2,"2 Input (1, 1)",-40°C ~ 125°C,Single-Ended,,No,74AUP,,0.8V ~ 3.6V
"74AUP2G3404GW,125",Nexperia USA Inc.,IC BUF/INV 2-CIR 2-IN 6TSSOP,interface-drivers-receivers-transceivers,6131,0.25,"6-TSSOP, SC-88, SOT-363",Surface Mount,Active,https://assets.nexperia.com/documents/data-sheet/74AUP2G3404.pdf,https://www.digikey.com/en/products/detail/nexperia-usa-inc/74AUP2G3404GW-125/4020682,,"4mA, 4mA",,Buffer/Inverter,2,"2 Input (1, 1)",-40°C ~ 125°C,Single-Ended,,No,74AUP,,0.8V ~ 3.6V
74AUP2G97GUX,Nexperia USA Inc.,IC MF CFG 2-CIR 3-IN 10XQFN,interface-drivers-receivers-transceivers,4500,0.63,10-XFQFN,Surface Mount,Active,https://assets.nexperia.com/documents/data-sheet/74AUP2G97.pdf,https://www.digikey.com/en/products/detail/nexperia-usa-inc/74AUP2G97GUX/5126905,,"4mA, 4mA",,Configurable Multiple Function,2,3,-40°C ~ 125°C,Single-Ended,,Yes,74AUP,,0.8V ~ 3.6V
74LVC1G57FW4-7,Diodes Incorporated,IC MF CFG 1-CIR 3-IN X2-6DFN,interface-drivers-receivers-transceivers,4150,0.19,6-XFDFN,Surface Mount,Active,https://www.diodes.com/assets/Datasheets/74LVC1G57.pdf,https://www.digikey.com/en/products/detail/diodes-incorporated/74LVC1G57FW4-7/7724777,,"32mA, 32mA",,Configurable Multiple Function,1,3,-40°C ~ 125°C,Single-Ended,,Yes,74LVC,,1.65V ~ 5.5V
74LVC1G57FZ4-7,Diodes Incorporated,IC MF CFG 1-CIR 3-IN X2-6DFN,interface-drivers-receivers-transceivers,5080,0.22,6-XFDFN,Surface Mount,Active,https://www.diodes.com/assets/Datasheets/74LVC1G57.pdf,https://www.digikey.com/en/products/detail/diodes-incorporated/74LVC1G57FZ4-7/3076629,,"32mA, 32mA",,Configurable Multiple Function,1,3,-40°C ~ 125°C,Single-Ended,,Yes,74LVC,,1.65V ~ 5.5V
"74LVC1G57GM,115",Nexperia USA Inc.,IC MF CFG 1-CIR 3-IN 6-XSON,interface-drivers-receivers-transceivers,4000,0.19,6-XFDFN,Surface Mount,Active,https://assets.nexperia.com/documents/data-sheet/74LVC1G57.pdf,https://www.digikey.com/en/products/detail/nexperia-usa-inc/74LVC1G57GM-115/1231473,,"32mA, 32mA",,Configurable Multiple Function,1,3,-40°C ~ 125°C,Single-Ended,,Yes,74LVC,,1.65V ~ 5.5V
74LVC1G57GV-Q100H,Nexperia USA Inc.,IC MF CFG 1-CIR 3-IN 6-TSOP,interface-drivers-receivers-transceivers,1505,0.2,"SC-74, SOT-457",Surface Mount,Active,https://assets.nexperia.com/documents/data-sheet/74LVC1G57_Q100.pdf,https://www.digikey.com/en/products/detail/nexperia-usa-inc/74LVC1G57GV-Q100H/5035682,,"32mA, 32mA",Automotive,Configurable Multiple Function,1,3,-40°C ~ 125°C,Single-Ended,AEC-Q100,Yes,74LVC,,1.65V ~ 5.5V
"74LVC1G57GW,125",Nexperia USA Inc.,IC MF CFG 1-CIR 3-IN 6-TSSOP,interface-drivers-receivers-transceivers,2242,0.13,"6-TSSOP, SC-88, SOT-363",Surface Mount,Active,https://assets.nexperia.com/documents/data-sheet/74LVC1G57.pdf,https://www.digikey.com/en/products/detail/nexperia-usa-inc/74LVC1G57GW-125/1231476,,"32mA, 32mA",,Configurable Multiple Function,1,3,-40°C ~ 125°C,Single-Ended,,Yes,74LVC,,1.65V ~ 5.5V
"74LVC1G58GM,115",Nexperia USA Inc.,IC MF CFG 1-CIR 3-IN 6-XSON,interface-drivers-receivers-transceivers,5259,0.19,6-XFDFN,Surface Mount,Active,https://assets.nexperia.com/documents/data-sheet/74LVC1G58.pdf,https://www.digikey.com/en/products/detail/nexperia-usa-inc/74LVC1G58GM-115/1231477,,"32mA, 32mA",,Configurable Multiple Function,1,3,-40°C ~ 125°C,Single-Ended,,Yes,74LVC,,1.65V ~ 5.5V
"74LVC1G58GW,125",Nexperia USA Inc.,IC MF CFG 1-CIR 3-IN 6-TSSOP,interface-drivers-receivers-transceivers,8139,0.15,"6-TSSOP, SC-88, SOT-363",Surface Mount,Active,https://assets.nexperia.com/documents/data-sheet/74LVC1G58.pdf,https://www.digikey.com/en/products/detail/nexperia-usa-inc/74LVC1G58GW-125/1231480,,"32mA, 32mA",,Configurable Multiple Function,1,3,-40°C ~ 125°C,Single-Ended,,Yes,74LVC,,1.65V ~ 5.5V
74LVC1G58W6-7,Diodes Incorporated,IC MF CFG 1-CIR 3-IN SOT-26,interface-drivers-receivers-transceivers,5831,0.14,SOT-23-6,Surface Mount,Active,https://www.diodes.com/assets/Datasheets/74LVC1G58.pdf,https://www.digikey.com/en/products/detail/diodes-incorporated/74LVC1G58W6-7/3829464,,"32mA, 32mA",,Configurable Multiple Function,1,3,-40°C ~ 125°C,Single-Ended,,No,74LVC,,1.65V ~ 5.5V
74LVC1G97FZ4-7,Diodes Incorporated,IC MF CFG 1-CIR 3-IN X2-6DFN,interface-drivers-receivers-transceivers,7299,0.22,6-XFDFN,Surface Mount,Active,https://www.diodes.com/assets/Datasheets/74LVC1G97.pdf,https://www.digikey.com/en/products/detail/diodes-incorporated/74LVC1G97FZ4-7/3076630,,"32mA, 32mA",,Configurable Multiple Function,1,3,-40°C ~ 125°C,Single-Ended,,No,74LVC,,1.65V ~ 5.5V
"74LVC1G97GM,132",Nexperia USA Inc.,IC MF CFG 1-CIR 3-IN 6XSON,interface-drivers-receivers-transceivers,2418,0.19,6-XFDFN,Surface Mount,Active,https://assets.nexperia.com/documents/data-sheet/74LVC1G97.pdf,https://www.digikey.com/en/products/detail/nexperia-usa-inc/74LVC1G97GM-132/3430542,,"32mA, 32mA",,Configurable Multiple Function,1,3,-40°C ~ 125°C,Single-Ended,,No,74LVC,,1.65V ~ 5.5V
"74LVC1G97GW,125",Nexperia USA Inc.,IC MF CFG 1-CIR 3-IN 6TSSOP,interface-drivers-receivers-transceivers,14815,0.13,"6-TSSOP, SC-88, SOT-363",Surface Mount,Active,https://assets.nexperia.com/documents/data-sheet/74LVC1G97.pdf,https://www.digikey.com/en/products/detail/nexperia-usa-inc/74LVC1G97GW-125/3679063,,"32mA, 32mA",,Configurable Multiple Function,1,3,-40°C ~ 125°C,Single-Ended,,No,74LVC,,1.65V ~ 5.5V
74LVC1G97GW-Q100H,Nexperia USA Inc.,IC MF CFG 1-CIR 3-IN 6-TSSOP,interface-drivers-receivers-transceivers,11260,0.16,"6-TSSOP, SC-88, SOT-363",Surface Mount,Active,https://assets.nexperia.com/documents/data-sheet/74LVC1G97_Q100.pdf,https://www.digikey.com/en/products/detail/nexperia-usa-inc/74LVC1G97GW-Q100H/10440249,,"32mA, 32mA",Automotive,Configurable Multiple Function,1,3,-40°C ~ 125°C,Single-Ended,AEC-Q100,Yes,74LVC,,1.65V ~ 5.5V
74LVC1G97W6-7,Diodes Incorporated,IC MF CFG 1-CIR 3-IN SOT-26,interface-drivers-receivers-transceivers,1595,0.18,SOT-23-6,Surface Mount,Active,https://www.diodes.com/assets/Datasheets/74LVC1G97.pdf,https://www.digikey.com/en/products/detail/diodes-incorporated/74LVC1G97W6-7/3829459,,"32mA, 32mA",,Configurable Multiple Function,1,3,-40°C ~ 125°C,Single-Ended,,No,74LVC,,1.65V ~ 5.5V
"74LVC1G98GM,132",Nexperia USA Inc.,IC MF CFG 1-CIR 3-IN 6XSON,interface-drivers-receivers-transceivers,3614,0.23,6-XFDFN,Surface Mount,Active,https://assets.nexperia.com/documents/data-sheet/74LVC1G98.pdf,https://www.digikey.com/en/products/detail/nexperia-usa-inc/74LVC1G98GM-132/3430546,,"32mA, 32mA",,Configurable Multiple Function,1,3,-40°C ~ 125°C,Single-Ended,,Yes,74LVC,,1.65V ~ 5.5V
"74LVC1G98GW,125",Nexperia USA Inc.,IC MF CFG 1-CIR 3-IN 6TSSOP,interface-drivers-receivers-transceivers,3470,0.13,"6-TSSOP, SC-88, SOT-363",Surface Mount,Active,https://assets.nexperia.com/documents/data-sheet/74LVC1G98.pdf,https://www.digikey.com/en/products/detail/nexperia-usa-inc/74LVC1G98GW-125/3430549,,"32mA, 32mA",,Configurable Multiple Function,1,3,-40°C ~ 125°C,Single-Ended,,Yes,74LVC,,1.65V ~ 5.5V
"74LVC1G99GS,115",Nexperia USA Inc.,IC MF CFG 1-CIR 4-IN 8XSON,interface-drivers-receivers-transceivers,5000,0.25,8-XFDFN,Surface Mount,Active,https://assets.nexperia.com/documents/data-sheet/74LVC1G99.pdf,https://www.digikey.com/en/products/detail/nexperia-usa-inc/74LVC1G99GS-115/3679065,,"32mA, 32mA",,Configurable Multiple Function,1,4,-40°C ~ 125°C,Tri-State,,No,74LVC,,1.65V ~ 5.5V
"74LVC1G99GT,115",Nexperia USA Inc.,IC MF CFG 1-CIR 4-IN 8-XSON,interface-drivers-receivers-transceivers,11840,0.2,8-XFDFN,Surface Mount,Active,https://assets.nexperia.com/documents/data-sheet/74LVC1G99.pdf,https://www.digikey.com/en/products/detail/nexperia-usa-inc/74LVC1G99GT-115/1888844,,"32mA, 32mA",,Configurable Multiple Function,1,4,-40°C ~ 125°C,Tri-State,,No,74LVC,,1.65V ~ 5.5V
ADA4945-1ACPZ-RL,Analog Devices Inc.,IC AMP SPECIAL 16-LFCSP,interface-controllers,0,6.36,"16-WFQFN Exposed Pad, CSP",Surface Mount,Active,https://www.analog.com/media/en/technical-documentation/data-sheets/ADA4945-1.pdf,https://www.digikey.com/en/products/detail/analog-devices-inc/ADA4945-1ACPZ-RL/10107156,Data Acquisition,,,,,,,,,,,ADC Driver,
ADUM3190ARQZ-RL7,Analog Devices Inc.,IC AMP SPECIAL 16-QSOP,interface-controllers,2630,3.83,"16-SSOP (0.154"", 3.90mm Width)",Surface Mount,Active,https://www.analog.com/media/en/technical-documentation/data-sheets/ADuM3190.pdf,https://www.digikey.com/en/products/detail/analog-devices-inc/ADUM3190ARQZ-RL7/3992919,"Shunt Regulators, Linear Power Supplies, Inverters, UPS",,,,,,,,,,iCoupler®,"Isolator, Error Amplifier",
ADUM3190SRQZ,Analog Devices Inc.,IC AMP SPECIAL 16-QSOP,interface-controllers,1376,4.15,"16-SSOP (0.154"", 3.90mm Width)",Surface Mount,Active,https://www.analog.com/media/en/technical-documentation/data-sheets/ADuM3190.pdf,https://www.digikey.com/en/products/detail/analog-devices-inc/ADUM3190SRQZ/3882153,"Shunt Regulators, Linear Power Supplies, Inverters, UPS",,,,,,,,,,iCoupler®,"Isolator, Error Amplifier",
ADUM3190TRQZ-RL7,Analog Devices Inc.,IC AMP SPECIAL 16-QSOP,interface-controllers,3500,4.45,"16-SSOP (0.154"", 3.90mm Width)",Surface Mount,Active,https://www.analog.com/media/en/technical-documentation/data-sheets/ADuM3190.pdf,https://www.digikey.com/en/products/detail/analog-devices-inc/ADUM3190TRQZ-RL7/3992922,"Shunt Regulators, Linear Power Supplies, Inverters, UPS",,,,,,,,,,iCoupler®,"Isolator, Error Amplifier",
ADUM3190WTRQZ-RL7,Analog Devices Inc.,IC AMP SPECIAL 16-QSOP,interface-controllers,1304,5.43,"16-SSOP (0.154"", 3.90mm Width)",Surface Mount,Active,https://www.analog.com/media/en/technical-documentation/data-sheets/ADuM3190.pdf,https://www.digikey.com/en/products/detail/analog-devices-inc/ADUM3190WTRQZ-RL7/6057043,"Shunt Regulators, Linear Power Supplies, Inverters, UPS",,Automotive,,,,,,,,,"Isolator, Error Amplifier",
AMC1202DWVR,Texas Instruments,IC AMP SPECIAL 8-SOIC,interface-controllers,574,6.74,"8-SOIC (0.295"", 7.50mm Width)",Surface Mount,Active,https://www.ti.com/lit/ds/symlink/amc1202.pdf,https://www.digikey.com/en/products/detail/texas-instruments/AMC1202DWVR/14835790,DC/DC Converter,,,,,,,,,,,Isolation,
AMC1211AQDWVRQ1,Texas Instruments,IC AMP SPECIAL 8-SOIC,interface-controllers,701,6.52,"8-SOIC (0.295"", 7.50mm Width)",Surface Mount,Active,,https://www.digikey.com/en/products/detail/texas-instruments/AMC1211AQDWVRQ1/9555496,,,Automotive,,,,,,AEC-Q100,,,Isolation,
AMC1302DWVR,Texas Instruments,IC AMP SPECIAL 8-SOIC,interface-controllers,1134,5.2,"8-SOIC (0.295"", 7.50mm Width)",Surface Mount,Active,,https://www.digikey.com/en/products/detail/texas-instruments/AMC1302DWVR/9658051,"Current Sensing, Power Management",,,,,,,,,,,Isolation,
AMC1311DWVR,Texas Instruments,IC AMP SPECIAL 8-SOIC,interface-controllers,3590,5.2,"8-SOIC (0.295"", 7.50mm Width)",Surface Mount,Active,,https://www.digikey.com/en/products/detail/texas-instruments/AMC1311DWVR/8020496,,,,,,,,,,,,Isolation,
AMC1350DWVR,Texas Instruments,IC AMP SPECIAL 8-SOIC,interface-controllers,4106,5.2,"8-SOIC (0.295"", 7.50mm Width)",Surface Mount,Active,https://www.ti.com/lit/ds/symlink/amc1350.pdf,https://www.digikey.com/en/products/detail/texas-instruments/AMC1350DWVR/15853923,Isolated Voltage Sensing,,,,,,,,,,,Isolation,
AMC1350QDWVRQ1,Texas Instruments,IC AMP SPECIAL 8-SOIC,interface-controllers,4365,6.58,"8-SOIC (0.295"", 7.50mm Width)",Surface Mount,Active,https://www.ti.com/lit/ds/symlink/amc1350-q1.pdf?ts=1647898319829&ref_url=https%253A%252F%252Fwww.ti.com%252Fstore%252Fti%252Fen%252Fp%252Fproduct%252F%253Fp%253DAMC1350QDWVRQ1%2526keyMatch%253DAMC1350QDWVRQ1%2526tisearch%253Dsearch-everything%2526usecase,https://www.digikey.com/en/products/detail/texas-instruments/AMC1350QDWVRQ1/16184258,Isolated Voltage Sensing,,Automotive,,,,,,AEC-Q100,,,Isolation,
AMC1351QDWVRQ1,Texas Instruments,IC AMP SPECIAL 8-SOIC,interface-controllers,2912,6.58,"8-SOIC (0.295"", 7.50mm Width)",Surface Mount,Active,https://www.ti.com/lit/ds/symlink/amc1351-q1.pdf?ts=1647898132927&ref_url=https%253A%252F%252Fwww.ti.com%252Fstore%252Fti%252Fen%252Fp%252Fproduct%252F%253Fp%253DAMC1351QDWVRQ1%2526keyMatch%253DAMC1351QDWVRQ1%2526tisearch%253Dsearch-everything%2526usecase,https://www.digikey.com/en/products/detail/texas-instruments/AMC1351QDWVRQ1/16184254,Isolated Voltage Sensing,,Automotive,,,,,,AEC-Q100,,,Isolation,
AMC3301DWER,Texas Instruments,IC AMP SPECIAL 16-SOIC,interface-controllers,2902,4.24,"16-SOIC (0.295"", 7.50mm Width)",Surface Mount,Active,https://www.ti.com/lit/ds/symlink/amc3301.pdf,https://www.digikey.com/en/products/detail/texas-instruments/AMC3301DWER/13174008,Driver,,,,,,,,,,,Isolation,
AMC3301QDWERQ1,Texas Instruments,IC AMP SPECIAL 16-SOIC,interface-controllers,872,4.92,"16-SOIC (0.295"", 7.50mm Width)",Surface Mount,Active,https://www.ti.com/lit/ds/symlink/amc3301-q1.pdf,https://www.digikey.com/en/products/detail/texas-instruments/AMC3301QDWERQ1/13173998,,,Automotive,,,,,,AEC-Q100,,,Isolation,
AMC3302DWER,Texas Instruments,IC AMP SPECIAL 16-SOIC,interface-controllers,569,4.24,"16-SOIC (0.295"", 7.50mm Width)",Surface Mount,Active,,https://www.digikey.com/en/products/detail/texas-instruments/AMC3302DWER/13896403,"Current Sensing, DC/DC Converter, Inverters",,,,,,,,,,,Isolated Amplifier,
AMC3311DWER,Texas Instruments,IC AMP SPECIAL 16-SOIC,interface-controllers,2288,6.72,"16-SOIC (0.295"", 7.50mm Width)",Surface Mount,Active,https://www.ti.com/lit/ds/symlink/amc3311.pdf?ts=1703120797281&ref_url=https%253A%252F%252Fwww.ti.com%252Fproduct%252FAMC3311%253FkeyMatch%253DAMC3311%2526tisearch%253Dsearch-everything%2526usecase%253DGPN,https://www.digikey.com/en/products/detail/texas-instruments/AMC3311DWER/22106890,"Inverters, Power Supplies",,,,,,,,,,,Isolation,
AMC3311QDWERQ1,Texas Instruments,IC AMP SPECIAL 16-SOIC,interface-controllers,4446,6.72,"16-SOIC (0.295"", 7.50mm Width)",Surface Mount,Active,https://www.ti.com/lit/ds/symlink/amc3311-q1.pdf?ts=1703167896725&ref_url=https%253A%252F%252Fwww.ti.com%252Fsitesearch%252Fen-us%252Fdocs%252Funiversalsearch.tsp%253FlangPref%253Den-US%2526searchTerm%253DAMC3311QDWERQ1%2526nr%253D2,https://www.digikey.com/en/products/detail/texas-instruments/AMC3311QDWERQ1/22106879,"Inverters, Power Supplies",,Automotive,,,,,,AEC-Q100,,,"Isolator, Error Amplifier",
CD4019BE,Texas Instruments,IC AND/OR GATE 4-CIR 2-IN 16PDIP,interface-drivers-receivers-transceivers,2642,1.14,"16-DIP (0.300"", 7.62mm)",Through Hole,Active,,https://www.digikey.com/en/products/detail/texas-instruments/CD4019BE/67257,,"6.8mA, 6.8mA",,AND/OR Gate,4,2,-55°C ~ 125°C,Single-Ended,,No,4000B,,3V ~ 18V
CD4019BM96,Texas Instruments,IC AND/OR GATE 4-CIR 2-IN 16SOIC,interface-drivers-receivers-transceivers,2604,0.54,"16-SOIC (0.154"", 3.90mm Width)",Surface Mount,Active,,https://www.digikey.com/en/products/detail/texas-instruments/CD4019BM96/1690842,,"6.8mA, 6.8mA",,AND/OR Gate,4,2,-55°C ~ 125°C,Single-Ended,,No,4000B,,3V ~ 18V
CD4068BE,Texas Instruments,IC NAND/AND GATE 1-CIR 14-PDIP,interface-drivers-receivers-transceivers,1113,1.08,"14-DIP (0.300"", 7.62mm)",Through Hole,Active,,https://www.digikey.com/en/products/detail/texas-instruments/CD4068BE/525931,,"6.8mA, 6.8mA",,NAND/AND Gate,1,8,-55°C ~ 125°C,Single-Ended,,No,4000B,,3V ~ 18V
CD4068BM96,Texas Instruments,IC NAND/AND GATE 1-CIR 14-SOIC,interface-drivers-receivers-transceivers,12539,0.85,"14-SOIC (0.154"", 3.90mm Width)",Surface Mount,Active,,https://www.digikey.com/en/products/detail/texas-instruments/CD4068BM96/571314,,"6.8mA, 6.8mA",,NAND/AND Gate,1,8,-55°C ~ 125°C,Single-Ended,,No,4000B,,3V ~ 18V
CD4068BPWR,Texas Instruments,IC NAND/AND GATE 1-CIR 14TSSOP,interface-drivers-receivers-transceivers,3739,0.67,"14-TSSOP (0.173"", 4.40mm Width)",Surface Mount,Active,,https://www.digikey.com/en/products/detail/texas-instruments/CD4068BPWR/1691285,,"6.8mA, 6.8mA",,NAND/AND Gate,1,8,-55°C ~ 125°C,Single-Ended,,No,4000B,,3V ~ 18V
CD4078BE,Texas Instruments,IC NOR/OR GATE 1-CIR 14-PDIP,interface-drivers-receivers-transceivers,1169,1.14,"14-DIP (0.300"", 7.62mm)",Through Hole,Active,,https://www.digikey.com/en/products/detail/texas-instruments/CD4078BE/376619,,"6.8mA, 6.8mA",,NOR/OR Gate,1,8,-55°C ~ 125°C,Single-Ended,,No,4000B,,3V ~ 18V
CD4078BM96,Texas Instruments,IC NOR/OR GATE 1-CIR 8-IN 14SOIC,interface-drivers-receivers-transceivers,3260,0.53,"14-SOIC (0.154"", 3.90mm Width)",Surface Mount,Active,,https://www.digikey.com/en/products/detail/texas-instruments/CD4078BM96/1691378,,"6.8mA, 6.8mA",,NOR/OR Gate,1,8,-55°C ~ 125°C,Single-Ended,,No,4000B,,3V ~ 18V
CD4078BPWR,Texas Instruments,IC NOR/OR GATE 1-CIR 14-TSSOP,interface-drivers-receivers-transceivers,6230,0.66,"14-TSSOP (0.173"", 4.40mm Width)",Surface Mount,Active,,https://www.digikey.com/en/products/detail/texas-instruments/CD4078BPWR/1691386,,"6.8mA, 6.8mA",,NOR/OR Gate,1,8,-55°C ~ 125°C,Single-Ended,,No,4000B,,3V ~ 18V
CD4572UBE,Texas Instruments,IC NOR/NAND/INVERT GATE 16-PDIP,interface-drivers-receivers-transceivers,1133,2.64,"16-DIP (0.300"", 7.62mm)",Through Hole,Active,,https://www.digikey.com/en/products/detail/texas-instruments/CD4572UBE/528391,,"6.8mA, 6.8mA",,NOR/NAND/INVERT Gate,6,"8 Input (1, 1, 2, 2, 1, 1)",-55°C ~ 125°C,Differential,,No,4000B,,3V ~ 18V
HMC722LP3E,Analog Devices Inc.,IC AND/NAND/NOR/OR GATE 16QFN,interface-drivers-receivers-transceivers,80,128.02,16-VFQFN Exposed Pad,Surface Mount,Active,https://www.analog.com/media/en/technical-documentation/data-sheets/hmc722lp3.pdf,https://www.digikey.com/en/products/detail/analog-devices-inc/HMC722LP3E/5604284,,,,AND/NAND/NOR/OR GATE,1,4,-40°C ~ 85°C,"Differential, Single-Ended",,No,,,-3V ~ -3.6V
HMC746LC3C,Analog Devices Inc.,IC AND/NAND/NOR/OR GATE 16SMT,interface-drivers-receivers-transceivers,25,222.37,16-LFQFN Exposed Pad,Surface Mount,Active,https://www.analog.com/media/en/technical-documentation/data-sheets/hmc746.pdf,https://www.digikey.com/en/products/detail/analog-devices-inc/HMC746LC3C/4476150,,,,AND/NAND/NOR/OR GATE,1,4,-40°C ~ 85°C,"Differential, Single-Ended",,No,,,3V ~ 3.6V
INA134UA/2K5,Texas Instruments,IC AMP SPECIAL 8-SOIC,interface-controllers,4827,3.45,"8-SOIC (0.154"", 3.90mm Width)",Surface Mount,Active,,https://www.digikey.com/en/products/detail/texas-instruments/INA134UA-2K5/301013,Audio,,,,,,,,,,,Differential Receiver,
INA137UA/2K5,Texas Instruments,IC AMP SPECIAL 8-SOIC,interface-controllers,5208,3.12,"8-SOIC (0.154"", 3.90mm Width)",Surface Mount,Active,https://rocelec.widen.net/view/pdf/4ze7iwujsn/ina137.pdf?t.download=true&u=5oefqw,https://www.digikey.com/en/products/detail/texas-instruments/INA137UA-2K5/301014,Audio,,,,,,,,,,,Receiver,
LT3469ETS8#TRMPBF,Analog Devices Inc.,IC AMP SPECIAL TSOT-23-8,interface-controllers,855,6.3,"SOT-23-8 Thin, TSOT-23-8",Surface Mount,Active,https://www.analog.com/media/en/technical-documentation/data-sheets/3469f.pdf,https://www.digikey.com/en/products/detail/analog-devices-inc/LT3469ETS8-TRMPBF/962355,"Piezo Speakers, Microactuators",,,,,,,,,,,Transconductance,
LT3469ETS8#TRPBF,Analog Devices Inc.,IC AMP SPECIAL TSOT-23-8,interface-controllers,5552,6.3,"SOT-23-8 Thin, TSOT-23-8",Surface Mount,Active,https://www.analog.com/media/en/technical-documentation/data-sheets/3469f.pdf,https://www.digikey.com/en/products/detail/analog-devices-inc/LT3469ETS8-TRPBF/959827,"Piezo Speakers, Microactuators",,,,,,,,,,,Transconductance,
LT6108IMS8-1#PBF,Analog Devices Inc.,IC AMP SPECIAL 8-MSOP,interface-controllers,4311,5.27,"8-TSSOP, 8-MSOP (0.118"", 3.00mm Width)",Surface Mount,Active,https://www.analog.com/media/en/technical-documentation/data-sheets/610812fa.pdf,https://www.digikey.com/en/products/detail/analog-devices-inc/LT6108IMS8-1-PBF/2734945,"Current Sensing, Power Management",,,,,,,,,,,"Amplifier, Comparator, Reference",
LT6119HMS-1#PBF,Analog Devices Inc.,IC AMP SPECIAL 10-MSOP,interface-controllers,754,7.55,"10-TFSOP, 10-MSOP (0.118"", 3.00mm Width)",Surface Mount,Active,https://www.analog.com/media/en/technical-documentation/data-sheets/611912f.pdf,https://www.digikey.com/en/products/detail/analog-devices-inc/LT6119HMS-1-PBF/4832977,Monitoring and Control,,,,,,,,,,,Current Sense Amplifier,
MC100EL07DR2G,onsemi,IC XOR/XNOR 1-CIR 2-IN 8-SOIC,interface-drivers-receivers-transceivers,1484,6.12,"8-SOIC (0.154"", 3.90mm Width)",Surface Mount,Active,https://www.onsemi.com/pdf/datasheet/mc100el07-d.pdf,https://www.digikey.com/en/products/detail/onsemi/MC100EL07DR2G/1477426,,,,2 Input XOR/XNOR,1,2,-40°C ~ 85°C,Differential,,No,100EL,,4.2V ~ 5.7V
MC100EP01DTG,onsemi,IC NOR/OR GATE 1-CIR 4-IN 8TSSOP,interface-drivers-receivers-transceivers,0,11.43,"8-TSSOP, 8-MSOP (0.118"", 3.00mm Width)",Surface Mount,Active,https://www.onsemi.com/pdf/datasheet/mc10ep01-d.pdf,https://www.digikey.com/en/products/detail/onsemi/MC100EP01DTG/920660,,,,NOR/OR Gate,1,4,-40°C ~ 85°C,Differential,,No,100EP,,3V ~ 5.5V
MC100EP05DTG,onsemi,IC AND/NAND GATE 1-CIR 8TSSOP,interface-drivers-receivers-transceivers,23574,10.67,"8-TSSOP, 8-MSOP (0.118"", 3.00mm Width)",Surface Mount,Active,https://www.onsemi.com/pdf/datasheet/mc10ep05-d.pdf,https://www.digikey.com/en/products/detail/onsemi/MC100EP05DTG/920661,,,,AND/NAND Gate,1,"2 Input (1, 1)",-40°C ~ 85°C,Differential,,No,100EP,,3V ~ 5.5V
MC100EP05DTR2G,onsemi,IC AND/NAND GATE 1-CIR 8-TSSOP,interface-drivers-receivers-transceivers,2533,10.16,"8-TSSOP, 8-MSOP (0.118"", 3.00mm Width)",Surface Mount,Active,https://www.onsemi.com/pdf/datasheet/mc10ep05-d.pdf,https://www.digikey.com/en/products/detail/onsemi/MC100EP05DTR2G/1477530,,,,AND/NAND Gate,1,"2 Input (1, 1)",-40°C ~ 85°C,Differential,,No,100EP,,3V ~ 5.5V
MC100EP08DTG,onsemi,IC XOR/XNOR GATE 1-CIR 8TSSOP,interface-drivers-receivers-transceivers,423,11.26,"8-TSSOP, 8-MSOP (0.118"", 3.00mm Width)",Surface Mount,Active,https://www.onsemi.com/pdf/datasheet/mc10ep08-d.pdf,https://www.digikey.com/en/products/detail/onsemi/MC100EP08DTG/918696,,,,XOR/XNOR Gate,1,"2 Input (1, 1)",-40°C ~ 85°C,Differential,,No,100EP,,3V ~ 5.5V
MC100EP08DTR2G,onsemi,IC XOR/XNOR GATE 1-CIR 8-TSSOP,interface-drivers-receivers-transceivers,3418,11.46,"8-TSSOP, 8-MSOP (0.118"", 3.00mm Width)",Surface Mount,Active,https://www.onsemi.com/pdf/datasheet/mc10ep08-d.pdf,https://www.digikey.com/en/products/detail/onsemi/MC100EP08DTR2G/1477534,,,,XOR/XNOR Gate,1,"2 Input (1, 1)",-40°C ~ 85°C,Differential,,No,100EP,,3V ~ 5.5V
MC100LVEP05DTR2G,onsemi,IC AND/NAND GATE 1-CIR 8TSSOP,interface-drivers-receivers-transceivers,1408,12.79,"8-TSSOP, 8-MSOP (0.118"", 3.00mm Width)",Surface Mount,Active,https://www.onsemi.com/pdf/datasheet/mc100lvep05-d.pdf,https://www.digikey.com/en/products/detail/onsemi/MC100LVEP05DTR2G/1792286,,,,AND/NAND Gate,1,"2 Input (1, 1)",-40°C ~ 85°C,Differential,,No,100LVEP,,2.375V ~ 3.6V
MCP6S93T-E/UN,Microchip Technology,IC AMP SPECIAL 10-MSOP,interface-controllers,7265,1.74,"10-TFSOP, 10-MSOP (0.118"", 3.00mm Width)",Surface Mount,Active,https://ww1.microchip.com/downloads/aemDocuments/documents/OTH/ProductDocuments/DataSheets/21908a.pdf,https://www.digikey.com/en/products/detail/microchip-technology/MCP6S93T-E-UN/716065,Data Acquisition,,,,,,,,,,,Variable Gain Amplifier,
NB7L86AMNG,onsemi,IC MF CFG 1-CIR 2-IN 16-QFN,interface-drivers-receivers-transceivers,162,39.78,16-VFQFN Exposed Pad,Surface Mount,Active,https://www.onsemi.com/download/data-sheet/pdf/nb7l86a-d.pdf,https://www.digikey.com/en/products/detail/onsemi/NB7L86AMNG/12525960,,,,Configurable Multiple Function,1,2,-40°C ~ 85°C,Differential,,No,,,2.375V ~ 3.465V
NC7SZ57P6X,onsemi,IC MF CFG 1-CIR 3-IN SC88,interface-drivers-receivers-transceivers,152403,0.11,"6-TSSOP, SC-88, SOT-363",Surface Mount,Active,,https://www.digikey.com/en/products/detail/onsemi/NC7SZ57P6X/965432,,"32mA, 32mA",,Configurable Multiple Function,1,3,-40°C ~ 85°C,Single-Ended,,No,7SZ,,1.65V ~ 5.5V
NC7SZ58P6X,onsemi,IC MF CFG 1-CIR 3-IN SC88,interface-drivers-receivers-transceivers,40616,0.11,"6-TSSOP, SC-88, SOT-363",Surface Mount,Active,,https://www.digikey.com/en/products/detail/onsemi/NC7SZ58P6X/1049082,,"32mA, 32mA",,Configurable Multiple Function,1,3,-40°C ~ 85°C,Single-Ended,,No,7SZ,,1.65V ~ 5.5V
NL7SZ57DFT2G,onsemi,IC MF CFG 1-CIR 3-IN SC88,interface-drivers-receivers-transceivers,2105,0.1,"6-TSSOP, SC-88, SOT-363",Surface Mount,Active,https://www.onsemi.com/pdf/datasheet/nl7sz57-d.pdf,https://www.digikey.com/en/products/detail/onsemi/NL7SZ57DFT2G/1792818,,"32mA, 32mA",,Configurable Multiple Function,1,3,-55°C ~ 125°C,Single-Ended,,Yes,7SZ,,1.65V ~ 5.5V
NL7SZ57DFT2G-Q,onsemi,IC MF CFG 1-CIR 3-IN SC88,interface-drivers-receivers-transceivers,5730,0.1,"6-TSSOP, SC-88, SOT-363",Surface Mount,Active,https://www.onsemi.com/download/data-sheet/pdf/nl7sz57-d.pdf,https://www.digikey.com/en/products/detail/onsemi/NL7SZ57DFT2G-Q/22161770,,"32mA, 32mA",Automotive,Configurable Multiple Function,1,3,-55°C ~ 125°C,Single-Ended,AEC-Q100,Yes,7SZ,,1.65V ~ 5.5V
NL7SZ58DFT2G,onsemi,IC MF CFG 1-CIR 3-IN SC88,interface-drivers-receivers-transceivers,5962,0.1,"6-TSSOP, SC-88, SOT-363",Surface Mount,Active,https://www.onsemi.com/pdf/datasheet/nl7sz58-d.pdf,https://www.digikey.com/en/products/detail/onsemi/NL7SZ58DFT2G/1792819,,"32mA, 32mA",,Configurable Multiple Function,1,3,-55°C ~ 125°C,Single-Ended,,Yes,7SZ,,1.65V ~ 5.5V
NL7SZ58DFT2G-Q,onsemi,IC MF CFG 1-CIR 3-IN SC88,interface-drivers-receivers-transceivers,4679,0.1,"6-TSSOP, SC-88, SOT-363",Surface Mount,Active,https://www.onsemi.com/download/data-sheet/pdf/nl7sz58-d.pdf,https://www.digikey.com/en/products/detail/onsemi/NL7SZ58DFT2G-Q/22161917,,"32mA, 32mA",Automotive,Configurable Multiple Function,1,3,-55°C ~ 125°C,Single-Ended,AEC-Q100,Yes,7SZ,,1.65V ~ 5.5V
NL7SZ97DFT2G,onsemi,IC MF CFG 1-CIR 3-IN SC88,interface-drivers-receivers-transceivers,2200,0.1,"6-TSSOP, SC-88, SOT-363",Surface Mount,Active,https://www.onsemi.com/pdf/datasheet/nl7sz97-d.pdf,https://www.digikey.com/en/products/detail/onsemi/NL7SZ97DFT2G/1792820,,"32mA, 32mA",,Configurable Multiple Function,1,3,-55°C ~ 125°C,Single-Ended,,Yes,7SZ,,1.65V ~ 5.5V
NL7SZ97DFT2G-Q,onsemi,IC MF CFG 1-CIR 3-IN SC88,interface-drivers-receivers-transceivers,3865,0.1,"6-TSSOP, SC-88, SOT-363",Surface Mount,Active,https://www.onsemi.com/download/data-sheet/pdf/nl7sz97-d.pdf,https://www.digikey.com/en/products/detail/onsemi/NL7SZ97DFT2G-Q/22161861,,"32mA, 32mA",Automotive,Configurable Multiple Function,1,3,-55°C ~ 125°C,Single-Ended,AEC-Q100,Yes,7SZ,,1.65V ~ 5.5V
SI8932D-IS4,Skyworks Solutions Inc.,IC AMP SPECIAL 8-SOIC,interface-controllers,4194,6.48,"8-SOIC (0.295"", 7.50mm Width)",Surface Mount,Active,https://www.skyworksinc.com/-/media/Skyworks/SL/documents/public/data-sheets/si8931-32-datasheet.pdf,https://www.digikey.com/en/products/detail/skyworks-solutions-inc/SI8932D-IS4/10819646,Isolated Voltage Sensing,,,,,,,,,,,Isolation Amplifier,
SN74AUP1G57DCKR,Texas Instruments,IC MF CFG 1-CIR 3-IN SC70-6,interface-drivers-receivers-transceivers,12012,0.24,"6-TSSOP, SC-88, SOT-363",Surface Mount,Active,,https://www.digikey.com/en/products/detail/texas-instruments/SN74AUP1G57DCKR/864087,,"4mA, 4mA",,Configurable Multiple Function,1,3,-40°C ~ 85°C,Single-Ended,,No,74AUP,,0.8V ~ 3.6V
SN74AUP1G58DBVR,Texas Instruments,IC MF CFG 1-CIR 3-IN SOT-23-6,interface-drivers-receivers-transceivers,2755,0.41,SOT-23-6,Surface Mount,Active,,https://www.digikey.com/en/products/detail/texas-instruments/SN74AUP1G58DBVR/637869,,"4mA, 4mA",,Configurable Multiple Function,1,3,-40°C ~ 85°C,Single-Ended,,No,74AUP,,0.8V ~ 3.6V
SN74AUP1G58DCKR,Texas Instruments,IC MF CFG 1-CIR 3-IN SC70-6,interface-drivers-receivers-transceivers,33335,0.35,"6-TSSOP, SC-88, SOT-363",Surface Mount,Active,,https://www.digikey.com/en/products/detail/texas-instruments/SN74AUP1G58DCKR/637871,,"4mA, 4mA",,Configurable Multiple Function,1,3,-40°C ~ 85°C,Single-Ended,,No,74AUP,,0.8V ~ 3.6V
SN74AUP1G97DBVR,Texas Instruments,IC MF CFG 1-CIR 3-IN SOT-23-6,interface-drivers-receivers-transceivers,1151,0.46,SOT-23-6,Surface Mount,Active,,https://www.digikey.com/en/products/detail/texas-instruments/SN74AUP1G97DBVR/664597,,"4mA, 4mA",,Configurable Multiple Function,1,3,-40°C ~ 85°C,Single-Ended,,Yes,74AUP,,0.8V ~ 3.6V
SN74AUP1G97DCKR,Texas Instruments,IC MF CFG 1-CIR 3-IN SC70-6,interface-drivers-receivers-transceivers,12863,0.34,"6-TSSOP, SC-88, SOT-363",Surface Mount,Active,,https://www.digikey.com/en/products/detail/texas-instruments/SN74AUP1G97DCKR/864089,,"4mA, 4mA",,Configurable Multiple Function,1,3,-40°C ~ 85°C,Single-Ended,,Yes,74AUP,,0.8V ~ 3.6V
SN74AUP1G97DRLR,Texas Instruments,IC MF CFG 1-CIR 3-IN SOT-5X3,interface-drivers-receivers-transceivers,2527,0.54,"SOT-563, SOT-666",Surface Mount,Active,,https://www.digikey.com/en/products/detail/texas-instruments/SN74AUP1G97DRLR/807690,,"4mA, 4mA",,Configurable Multiple Function,1,3,-40°C ~ 85°C,Single-Ended,,Yes,74AUP,,0.8V ~ 3.6V
SN74AUP1G97DRYR,Texas Instruments,IC MF CFG 1-CIR 3-IN 6SON,interface-drivers-receivers-transceivers,4525,0.46,6-UFDFN,Surface Mount,Active,,https://www.digikey.com/en/products/detail/texas-instruments/SN74AUP1G97DRYR/2279259,,"4mA, 4mA",,Configurable Multiple Function,1,3,-40°C ~ 85°C,Single-Ended,,Yes,74AUP,,0.8V ~ 3.6V
SN74AUP1G97DSFR,Texas Instruments,IC MF CFG 1-CIR 3-IN 6SON,interface-drivers-receivers-transceivers,13147,0.45,6-XFDFN,Surface Mount,Active,,https://www.digikey.com/en/products/detail/texas-instruments/SN74AUP1G97DSFR/2299147,,"4mA, 4mA",,Configurable Multiple Function,1,3,-40°C ~ 85°C,Single-Ended,,Yes,74AUP,,0.8V ~ 3.6V
SN74AUP1G98DBVR,Texas Instruments,IC MF CFG 1-CIR 3-IN SOT-23-6,interface-drivers-receivers-transceivers,6912,0.45,SOT-23-6,Surface Mount,Active,,https://www.digikey.com/en/products/detail/texas-instruments/SN74AUP1G98DBVR/864090,,"4mA, 4mA",,Configurable Multiple Function,1,3,-40°C ~ 85°C,Single-Ended,,Yes,74AUP,,0.8V ~ 3.6V
SN74AUP1G98DCKR,Texas Instruments,IC MF CFG 1-CIR 3-IN SC70-6,interface-drivers-receivers-transceivers,2897,0.34,"6-TSSOP, SC-88, SOT-363",Surface Mount,Active,,https://www.digikey.com/en/products/detail/texas-instruments/SN74AUP1G98DCKR/864091,,"4mA, 4mA",,Configurable Multiple Function,1,3,-40°C ~ 85°C,Single-Ended,,Yes,74AUP,,0.8V ~ 3.6V
SN74AUP1G99DCUR,Texas Instruments,IC MF CFG 1-CIR 3-IN 8-VSSOP,interface-drivers-receivers-transceivers,1440,0.45,"8-VFSOP (0.091"", 2.30mm Width)",Surface Mount,Active,https://www.ti.com/lit/ds/sces594c/sces594c.pdf,https://www.digikey.com/en/products/detail/texas-instruments/SN74AUP1G99DCUR/864093,,"4mA, 4mA",,Configurable Multiple Function,1,3,-40°C ~ 85°C,Tri-State,,No,74AUP,,0.8V ~ 3.6V
SN74LV8151PWR,Texas Instruments,IC BUF/INV 1-CIR 10-IN 24TSSOP,interface-drivers-receivers-transceivers,4840,1.43,"24-TSSOP (0.173"", 4.40mm Width)",Surface Mount,Active,,https://www.digikey.com/en/products/detail/texas-instruments/SN74LV8151PWR/768953,,"12mA, 12mA",,Buffer/Inverter,1,10,-40°C ~ 85°C,Single-Ended,,No,74LV,,2V ~ 5.5V
SN74LVC1G0832DBVR,Texas Instruments,IC AND/OR GATE 1-CIR SOT23-6,interface-drivers-receivers-transceivers,4744,0.36,SOT-23-6,Surface Mount,Active,,https://www.digikey.com/en/products/detail/texas-instruments/SN74LVC1G0832DBVR/863592,,"32mA, 32mA",,AND/OR Gate,1,"3 Input (2, 1)",-40°C ~ 85°C,Single-Ended,,No,74LVC,,1.65V ~ 5.5V
SN74LVC1G0832DCKR,Texas Instruments,IC AND/OR GATE 1-CIR 3-IN SC70-6,interface-drivers-receivers-transceivers,4853,0.78,"6-TSSOP, SC-88, SOT-363",Surface Mount,Active,,https://www.digikey.com/en/products/detail/texas-instruments/SN74LVC1G0832DCKR/863593,,"32mA, 32mA",,AND/OR Gate,1,"3 Input (2, 1)",-40°C ~ 85°C,Single-Ended,,No,74LVC,,1.65V ~ 5.5V
SN74LVC1G0832YZPR,Texas Instruments,IC AND/OR GATE 1-CIR 6-DSBGA,interface-drivers-receivers-transceivers,2729,0.59,"6-XFBGA, DSBGA",Surface Mount,Active,,https://www.digikey.com/en/products/detail/texas-instruments/SN74LVC1G0832YZPR/770823,,"32mA, 32mA",,AND/OR Gate,1,"3 Input (2, 1)",-40°C ~ 85°C,Single-Ended,,No,74LVC,,1.65V ~ 5.5V
SN74LVC1G3208DBVR,Texas Instruments,IC AND/OR GATE 1-CIR SOT23-6,interface-drivers-receivers-transceivers,7950,0.3,SOT-23-6,Surface Mount,Active,,https://www.digikey.com/en/products/detail/texas-instruments/SN74LVC1G3208DBVR/863609,,"32mA, 32mA",,AND/OR Gate,1,"3 Input (2, 1)",-40°C ~ 125°C,Single-Ended,,No,74LVC,,1.65V ~ 5.5V
SN74LVC1G3208DCKR,Texas Instruments,IC AND/OR GATE 1-CIR 3-IN SC70-6,interface-drivers-receivers-transceivers,8633,0.78,"6-TSSOP, SC-88, SOT-363",Surface Mount,Active,,https://www.digikey.com/en/products/detail/texas-instruments/SN74LVC1G3208DCKR/740519,,"32mA, 32mA",,AND/OR Gate,1,"3 Input (2, 1)",-40°C ~ 125°C,Single-Ended,,No,74LVC,,1.65V ~ 5.5V
SN74LVC1G57DCKR,Texas Instruments,IC MF CFG 1-CIR 3-IN SC70-6,interface-drivers-receivers-transceivers,146,0.19,"6-TSSOP, SC-88, SOT-363",Surface Mount,Active,,https://www.digikey.com/en/products/detail/texas-instruments/SN74LVC1G57DCKR/571184,,"32mA, 32mA",,Configurable Multiple Function,1,3,-40°C ~ 125°C,Single-Ended,,No,74LVC,,1.65V ~ 5.5V
SN74LVC1G57DRY2,Texas Instruments,IC MF CFG 1-CIR 3-IN 6SON,interface-drivers-receivers-transceivers,15305,0.43,6-UFDFN,Surface Mount,Active,,https://www.digikey.com/en/products/detail/texas-instruments/SN74LVC1G57DRY2/3996742,,"32mA, 32mA",,Configurable Multiple Function,1,3,-40°C ~ 125°C,Single-Ended,,No,74LVC,,1.65V ~ 5.5V
SN74LVC1G57DRYR,Texas Instruments,IC MF CFG 1-CIR 3-IN 6SON,interface-drivers-receivers-transceivers,5714,0.34,6-UFDFN,Surface Mount,Active,,https://www.digikey.com/en/products/detail/texas-instruments/SN74LVC1G57DRYR/2780984,,"32mA, 32mA",,Configurable Multiple Function,1,3,-40°C ~ 125°C,Single-Ended,,No,74LVC,,1.65V ~ 5.5V
SN74LVC1G57DSFR,Texas Instruments,IC MF CFG 1-CIR 3-IN 6SON,interface-drivers-receivers-transceivers,3008,0.47,6-XFDFN,Surface Mount,Active,,https://www.digikey.com/en/products/detail/texas-instruments/SN74LVC1G57DSFR/2780985,,"32mA, 32mA",,Configurable Multiple Function,1,3,-40°C ~ 125°C,Single-Ended,,No,74LVC,,1.65V ~ 5.5V
SN74LVC1G57YZPR,Texas Instruments,IC MF CFG 1-CIR 3-IN 6-DSBGA,interface-drivers-receivers-transceivers,5365,0.51,"6-XFBGA, DSBGA",Surface Mount,Active,,https://www.digikey.com/en/products/detail/texas-instruments/SN74LVC1G57YZPR/863620,,"32mA, 32mA",,Configurable Multiple Function,1,3,-40°C ~ 125°C,Single-Ended,,No,74LVC,,1.65V ~ 5.5V
SN74LVC1G58DCKR,Texas Instruments,IC MF CFG 1-CIR 3-IN SC70-6,interface-drivers-receivers-transceivers,101128,0.22,"6-TSSOP, SC-88, SOT-363",Surface Mount,Active,https://www.ti.com/lit/ds/symlink/sn74lvc1g58.pdf?HQS=dis-dk-null-digikeymode-dsf-pf-null-wwe&ts=1708963918725&ref_url=https%253A%252F%252Fwww.ti.com%252Fgeneral%252Fdocs%252Fsuppproductinfo.tsp%253FdistId%253D10%2526gotoUrl%253Dhttps%253A%252F%252Fwww.ti.com%252Flit%252Fgpn%252Fsn74lvc1g58,https://www.digikey.com/en/products/detail/texas-instruments/SN74LVC1G58DCKR/571194,,"32mA, 32mA",,Configurable Multiple Function,1,3,-40°C ~ 125°C,Single-Ended,,No,74LVC,,1.65V ~ 5.5V
SN74LVC1G58DRLR,Texas Instruments,IC MF CFG 1-CIR 3-IN SOT-5X3,interface-drivers-receivers-transceivers,5197,0.39,"SOT-563, SOT-666",Surface Mount,Active,https://www.ti.com/lit/ds/symlink/sn74lvc1g58.pdf?HQS=dis-dk-null-digikeymode-dsf-pf-null-wwe&ts=1708963918725&ref_url=https%253A%252F%252Fwww.ti.com%252Fgeneral%252Fdocs%252Fsuppproductinfo.tsp%253FdistId%253D10%2526gotoUrl%253Dhttps%253A%252F%252Fwww.ti.com%252Flit%252Fgpn%252Fsn74lvc1g58,https://www.digikey.com/en/products/detail/texas-instruments/SN74LVC1G58DRLR/863394,,"32mA, 32mA",,Configurable Multiple Function,1,3,-40°C ~ 125°C,Single-Ended,,No,74LVC,,1.65V ~ 5.5V
SN74LVC1G58DRY2,Texas Instruments,IC MF CFG 1-CIR 3-IN 6SON,interface-drivers-receivers-transceivers,9328,0.45,6-UFDFN,Surface Mount,Active,https://www.ti.com/lit/ds/symlink/sn74lvc1g58.pdf?HQS=dis-dk-null-digikeymode-dsf-pf-null-wwe&ts=1708963918725&ref_url=https%253A%252F%252Fwww.ti.com%252Fgeneral%252Fdocs%252Fsuppproductinfo.tsp%253FdistId%253D10%2526gotoUrl%253Dhttps%253A%252F%252Fwww.ti.com%252Flit%252Fgpn%252Fsn74lvc1g58,https://www.digikey.com/en/products/detail/texas-instruments/SN74LVC1G58DRY2/3996756,,"32mA, 32mA",,Configurable Multiple Function,1,3,-40°C ~ 125°C,Single-Ended,,No,74LVC,,1.65V ~ 5.5V
SN74LVC1G58DRYR,Texas Instruments,IC MF CFG 1-CIR 3-IN 6SON,interface-drivers-receivers-transceivers,4384,0.28,6-UFDFN,Surface Mount,Active,https://www.ti.com/lit/ds/symlink/sn74lvc1g58.pdf?HQS=dis-dk-null-digikeymode-dsf-pf-null-wwe&ts=1708963918725&ref_url=https%253A%252F%252Fwww.ti.com%252Fgeneral%252Fdocs%252Fsuppproductinfo.tsp%253FdistId%253D10%2526gotoUrl%253Dhttps%253A%252F%252Fwww.ti.com%252Flit%252Fgpn%252Fsn74lvc1g58,https://www.digikey.com/en/products/detail/texas-instruments/SN74LVC1G58DRYR/2776595,,"32mA, 32mA",,Configurable Multiple Function,1,3,-40°C ~ 125°C,Single-Ended,,No,74LVC,,1.65V ~ 5.5V
SN74LVC1G58DSFR,Texas Instruments,IC MF CFG 1-CIR 3-IN 6SON,interface-drivers-receivers-transceivers,7026,0.47,6-XFDFN,Surface Mount,Active,https://www.ti.com/lit/ds/symlink/sn74lvc1g58.pdf?HQS=dis-dk-null-digikeymode-dsf-pf-null-wwe&ts=1708963918725&ref_url=https%253A%252F%252Fwww.ti.com%252Fgeneral%252Fdocs%252Fsuppproductinfo.tsp%253FdistId%253D10%2526gotoUrl%253Dhttps%253A%252F%252Fwww.ti.com%252Flit%252Fgpn%252Fsn74lvc1g58,https://www.digikey.com/en/products/detail/texas-instruments/SN74LVC1G58DSFR/2776596,,"32mA, 32mA",,Configurable Multiple Function,1,3,-40°C ~ 125°C,Single-Ended,,No,74LVC,,1.65V ~ 5.5V
SN74LVC1G97DBVR,Texas Instruments,IC MF CFG 1-CIR 3-IN SOT-23-6,interface-drivers-receivers-transceivers,25351,0.23,SOT-23-6,Surface Mount,Active,,https://www.digikey.com/en/products/detail/texas-instruments/SN74LVC1G97DBVR/571196,,"32mA, 32mA",,Configurable Multiple Function,1,3,-40°C ~ 125°C,Single-Ended,,Yes,74LVC,,1.65V ~ 5.5V
SN74LVC1G97DBVT,Texas Instruments,IC MF CFG 1-CIR 3-IN SOT-23-6,interface-drivers-receivers-transceivers,2694,0.94,SOT-23-6,Surface Mount,Active,,https://www.digikey.com/en/products/detail/texas-instruments/SN74LVC1G97DBVT/1592119,,"32mA, 32mA",,Configurable Multiple Function,1,3,-40°C ~ 125°C,Single-Ended,,Yes,74LVC,,1.65V ~ 5.5V
SN74LVC1G97DCKR,Texas Instruments,IC MF CFG 1-CIR 3-IN SC70-6,interface-drivers-receivers-transceivers,176330,0.22,"6-TSSOP, SC-88, SOT-363",Surface Mount,Active,,https://www.digikey.com/en/products/detail/texas-instruments/SN74LVC1G97DCKR/571198,,"32mA, 32mA",,Configurable Multiple Function,1,3,-40°C ~ 125°C,Single-Ended,,Yes,74LVC,,1.65V ~ 5.5V
SN74LVC1G97DCKT,Texas Instruments,IC MF CFG 1-CIR 3-IN SC70-6,interface-drivers-receivers-transceivers,58969,0.94,"6-TSSOP, SC-88, SOT-363",Surface Mount,Active,,https://www.digikey.com/en/products/detail/texas-instruments/SN74LVC1G97DCKT/1592123,,"32mA, 32mA",,Configurable Multiple Function,1,3,-40°C ~ 125°C,Single-Ended,,Yes,74LVC,,1.65V ~ 5.5V
SN74LVC1G97DRLR,Texas Instruments,IC MF CFG 1-CIR 3-IN SOT-5X3,interface-drivers-receivers-transceivers,27631,0.41,"SOT-563, SOT-666",Surface Mount,Active,,https://www.digikey.com/en/products/detail/texas-instruments/SN74LVC1G97DRLR/863395,,"32mA, 32mA",,Configurable Multiple Function,1,3,-40°C ~ 125°C,Single-Ended,,Yes,74LVC,,1.65V ~ 5.5V
SN74LVC1G97DRYR,Texas Instruments,IC MF CFG 1-CIR 3-IN 6SON,interface-drivers-receivers-transceivers,7936,0.36,6-UFDFN,Surface Mount,Active,,https://www.digikey.com/en/products/detail/texas-instruments/SN74LVC1G97DRYR/2780986,,"32mA, 32mA",,Configurable Multiple Function,1,3,-40°C ~ 125°C,Single-Ended,,Yes,74LVC,,1.65V ~ 5.5V
SN74LVC1G97IDCKREP,Texas Instruments,IC MF CFG 1-CIR 3-IN SC70-6,interface-drivers-receivers-transceivers,3790,2.21,"6-TSSOP, SC-88, SOT-363",Surface Mount,Active,,https://www.digikey.com/en/products/detail/texas-instruments/SN74LVC1G97IDCKREP/1666510,,"32mA, 32mA",,Configurable Multiple Function,1,3,-40°C ~ 85°C,Single-Ended,,Yes,74LVC,,1.65V ~ 5.5V
SN74LVC1G97YZPR,Texas Instruments,IC MF CFG 1-CIR 3-IN 6-DSBGA,interface-drivers-receivers-transceivers,2979,0.54,"6-XFBGA, DSBGA",Surface Mount,Active,,https://www.digikey.com/en/products/detail/texas-instruments/SN74LVC1G97YZPR/639549,,"32mA, 32mA",,Configurable Multiple Function,1,3,-40°C ~ 125°C,Single-Ended,,Yes,74LVC,,1.65V ~ 5.5V
SN74LVC1G98DBVR,Texas Instruments,IC MF CFG 1-CIR 3-IN SOT-23-6,interface-drivers-receivers-transceivers,5336,0.26,SOT-23-6,Surface Mount,Active,,https://www.digikey.com/en/products/detail/texas-instruments/SN74LVC1G98DBVR/571224,,"32mA, 32mA",,Configurable Multiple Function,1,3,-40°C ~ 125°C,Single-Ended,,No,74LVC,,1.65V ~ 5.5V
SN74LVC1G98DCKR,Texas Instruments,IC MF CFG 1-CIR 3-IN SC70-6,interface-drivers-receivers-transceivers,933,0.18,"6-TSSOP, SC-88, SOT-363",Surface Mount,Active,,https://www.digikey.com/en/products/detail/texas-instruments/SN74LVC1G98DCKR/571199,,"32mA, 32mA",,Configurable Multiple Function,1,3,-40°C ~ 125°C,Single-Ended,,No,74LVC,,1.65V ~ 5.5V
SN74LVC1G98DRLR,Texas Instruments,IC MF CFG 1-CIR 3-IN SOT-5X3,interface-drivers-receivers-transceivers,5526,0.42,"SOT-563, SOT-666",Surface Mount,Active,,https://www.digikey.com/en/products/detail/texas-instruments/SN74LVC1G98DRLR/863396,,"32mA, 32mA",,Configurable Multiple Function,1,3,-40°C ~ 125°C,Single-Ended,,No,74LVC,,1.65V ~ 5.5V
SN74LVC1G98DRYR,Texas Instruments,IC MF CFG 1-CIR 3-IN 6SON,interface-drivers-receivers-transceivers,2198,0.3,6-UFDFN,Surface Mount,Active,,https://www.digikey.com/en/products/detail/texas-instruments/SN74LVC1G98DRYR/2780988,,"32mA, 32mA",,Configurable Multiple Function,1,3,-40°C ~ 125°C,Single-Ended,,No,74LVC,,1.65V ~ 5.5V
SN74LVC1G98QDCKRQ1,Texas Instruments,IC MF CFG 1-CIR 3-IN SC70-6,interface-drivers-receivers-transceivers,16814,0.4,"6-TSSOP, SC-88, SOT-363",Surface Mount,Active,,https://www.digikey.com/en/products/detail/texas-instruments/SN74LVC1G98QDCKRQ1/716454,,"32mA, 32mA",Automotive,Configurable Multiple Function,1,3,-40°C ~ 125°C,Single-Ended,AEC-Q100,No,74LVC,,1.65V ~ 5.5V
SN74LVC1G99DCTR,Texas Instruments,IC MF CFG 1-CIR 4-IN SM8,interface-drivers-receivers-transceivers,4156,0.73,"8-LSSOP, 8-MSOP (0.110"", 2.80mm Width)",Surface Mount,Active,,https://www.digikey.com/en/products/detail/texas-instruments/SN74LVC1G99DCTR/857755,,"32mA, 32mA",,Configurable Multiple Function,1,4,-40°C ~ 125°C,Tri-State,,Yes,74LVC,,1.65V ~ 5.5V
SN74LVC1G99DCUR,Texas Instruments,IC MF CFG 1-CIR 4-IN 8-VSSOP,interface-drivers-receivers-transceivers,94122,0.55,"8-VFSOP (0.091"", 2.30mm Width)",Surface Mount,Active,,https://www.digikey.com/en/products/detail/texas-instruments/SN74LVC1G99DCUR/863630,,"32mA, 32mA",,Configurable Multiple Function,1,4,-40°C ~ 125°C,Tri-State,,Yes,74LVC,,1.65V ~ 5.5V
